id,project,loss,chainIds,transactions,media,rootCause,date,poc,rescued
178,Holograph,1300000.000000,ethereum,"[{'txnHash': '0x0cc143ccf3316d47b36a2e45577922f4ebe2374966bb22c1e9cf49c747d46396', 'txnHashDate': 1718271923000, 'chainId': 1}]",https://x.com/holographxyz/status/1801702424236990600,Compromised Private Key,2024-06-13 12:45:23,,0
177,UwU Lend,23000000.000000,ethereum,"[{'txnHash': '0x9235e0662e230bdfa94f56f4932fd09a95fea17e4b9b44a4f40a59449e216110', 'txnHashDate': 1718264783000, 'chainId': 1}, {'txnHash': '0xca1bbf3b320662c89232006f1ec6624b56242850f07e0f1dadbe4f69ba0d6ac3', 'txnHashDate': 1718021555000, 'chainId': 1}, {'txnHash': '0xb3f067618ce54bc26a960b660cfc28f9ea0315e2e9a1a855ede1508eb4017376', 'txnHashDate': 1718021195000, 'chainId': 1}, {'txnHash': '0x242a0fb4fde9de0dc2fd42e8db743cbc197ffa2bf6a036ba0bba303df296408b', 'txnHashDate': 1718021159000, 'chainId': 1}]",https://twitter.com/Phalcon_xyz/status/1800454428870275359,Vulnerable Price Dependency,2024-06-10 15:05:59,,0
176,Velocore,6800000.000000,"era, linea","[{'txnHash': '0x4156d73cadc18419220f5bcf10deb4d97a3d3f7533d63ba90daeabc5fd11ba17', 'txnHashDate': 1717281524000, 'chainId': 324}, {'txnHash': '0xed11d5b013bf3296b1507da38b7bcb97845dd037d33d3d1b0c5e763889cdbed1', 'txnHashDate': 1717281449000, 'chainId': 59144}, {'txnHash': '0x37434e674efc4e7cfeed7746095301ace5636028906fe548b786ead286e35eb0', 'txnHashDate': 1717280489000, 'chainId': 59144}]",https://velocorexyz.medium.com/velocore-incident-post-mortem-6197020ec3e9,Business Logic Flaw,2024-06-02 01:21:29,,0
174,TLN Protocol,163000.000000,binance,"[{'txnHash': '0x1350cc72865420ba5d3c27234fd4665ad25c021b0a75ba03bc8340a1b1f98a45', 'txnHashDate': 1717144634000, 'chainId': 56}]",https://x.com/Phalcon_xyz/status/1796481848387743959,Vulnerable Price Dependency,2024-05-31 11:37:14,,0
173,MetaDragon,180000.000000,binance,"[{'txnHash': '0x3ad998a01ad1f1bbe6dba6a08e658c1749dabfa4a07da20ded3c73bcd6970d20', 'txnHashDate': 1716972425000, 'chainId': 56}]",https://x.com/Phalcon_xyz/status/1795746828064854497,Access Control Issue,2024-05-29 11:47:05,,0
172,Orion Protocol,645000.000000,binance,"[{'txnHash': '0x660837a1640dd9cc0561ab7ff6c85325edebfa17d8b11a3bb94457ba6dcae18c', 'txnHashDate': 1716870310000, 'chainId': 56}]",https://x.com/Phalcon_xyz/status/1795355758235693089,Business Logic Flaw,2024-05-28 07:25:10,,0
175,Normie,490000.000000,base,"[{'txnHash': '0xa618933a0e0ffd0b9f4f0835cc94e523d0941032821692c01aa96cd6f80fc3fd', 'txnHashDate': 1716694913000, 'chainId': 8453}]",https://x.com/0xNickLFranklin/status/1795102946515882185,Business Logic Flaw,2024-05-26 06:41:53,https://github.com/SunWeb3Sec/DeFiHackLabs#20240526-normie---business-logic-flaw,0
170,Gala,21000000.000000,ethereum,"[{'txnHash': '0xa6d90abe17d17743a9cecab84bcefb0fd0bbfa0c61bba60fd2f680b0a2f077fe', 'txnHashDate': 1716233531000, 'chainId': 1}]",https://twitter.com/Benefactor0101/status/1792698768166715776,Compromised Private Key,2024-05-20 22:32:11,,0
169,SonneFinance,20000000.000000,optimism,"[{'txnHash': '0xb43748ed668c1e44cf0a3e829ca0fe24eceaee7d33d06072bb11ca99afa7f448', 'txnHashDate': 1715726949000, 'chainId': 10}, {'txnHash': '0x67632758ce19a41648f28fba6d3d87c7248202238234137bb4741da097cfa029', 'txnHashDate': 1715726811000, 'chainId': 10}, {'txnHash': '0x100ff0317251b899fe50baea8d0a107dd2fa9dd3b85dcff66f9841f25dfd1a4d', 'txnHashDate': 1715726675000, 'chainId': 10}, {'txnHash': '0x5729810d3cc325597be4f9c1a1c5d03ebad02c55750b966732ed6ab628a8f722', 'txnHashDate': 1715726577000, 'chainId': 10}, {'txnHash': '0xfea20e78a94b3a34951031e3e6fc71f27c348eb7116dc24a777f46e6fe5a81f6', 'txnHashDate': 1715726515000, 'chainId': 10}, {'txnHash': '0x150a8ad61cdf9ba5a687b9cff95c90aa5eaa825ac1b07c016ccb905f97d511c3', 'txnHashDate': 1715726455000, 'chainId': 10}, {'txnHash': '0x9312ae377d7ebdf3c7c3a86f80514878deb5df51aad38b6191d55db53e42b7f0', 'txnHashDate': 1715725095000, 'chainId': 10}]",https://x.com/SonneFinance/status/1790578458172563648,Precision Loss,2024-05-15 01:18:15,,0
168,Predy Finance,464000.000000,arbitrum,"[{'txnHash': '0xbe163f651d23f0c9e4d4a443c0cc163134a31a1c2761b60188adcfd33178f50f', 'txnHashDate': 1715672488000, 'chainId': 42161}]",https://x.com/predyfinance/status/1791109477049000336,Accounting Error,2024-05-14 10:41:28,,0
167,Tsuru,403847.000000,base,"[{'txnHash': '0xe63a8df8759f41937432cd34c590d85af61b3343cf438796c6ed2c8f5b906f62', 'txnHashDate': 1715348919000, 'chainId': 8453}]",https://twitter.com/TsuruBase/status/1789000570235420847,Access Control Issue,2024-05-10 16:48:39,,0
165,GalaxyFoxToken,330000.000000,ethereum,"[{'txnHash': '0x12fe79f1de8aed0ba947cec4dce5d33368d649903cb45a5d3e915cc459e751fc', 'txnHashDate': 1715299235000, 'chainId': 1}]",https://twitter.com/Phalcon_xyz/status/1788751977263882585,Access Control Issue,2024-05-10 03:00:35,,0
166,PikeFinance,1695841.000000,"ethereum, arbitrum, optimism","[{'txnHash': '0xe2912b8bf34d561983f2ae95f34e33ecc7792a2905a3e317fcc98052bce66431', 'txnHashDate': 1714515551000, 'chainId': 1}, {'txnHash': '0xdac6af5695ba00b3d229574dbf7fcc326d16b9f8a52ad2620637d3022956d157', 'txnHashDate': 1714513622000, 'chainId': 42161}, {'txnHash': '0x6baa6332f9a3ed75e727311d6317fb636844d61d9df5e199f9f68711eb632d6f', 'txnHashDate': 1714513535000, 'chainId': 10}]",https://twitter.com/Phalcon_xyz/status/1785508900093194591,Storage Collision,2024-05-01 00:45:35,,0
164,Ember Sword,196000.000000,polygon,"[{'txnHash': '0x11a62441b20e74d586e761885659c3cb45cbc447c89c73c5fd892a634cb8af76', 'txnHashDate': 1714242029000, 'chainId': 137}]",https://twitter.com/Phalcon_xyz/status/1784412609103446097,Access Control Issue,2024-04-27 21:20:29,,0
163,PikeFinance,300000.000000,"ethereum, arbitrum","[{'txnHash': '0x167c97b5897d11b23a6694f30acb71e8deead771d22fe88aee04ca8696a2bffa', 'txnHashDate': 1714124339000, 'chainId': 1}, {'txnHash': '0x979ad9b7f5331ea8034305a83b5cd50aea88adec395fff8298dd90eb1b87667f', 'txnHashDate': 1714088889000, 'chainId': 42161}]",https://twitter.com/Phalcon_xyz/status/1784523042531819733,Unverified User Input,2024-04-26 02:48:09,,0
160,NGFS Token,190000.000000,binance,"[{'txnHash': '0x8ff764dde572928c353716358e271638fa05af54be69f043df72ad9ad054de25', 'txnHashDate': 1714043885000, 'chainId': 56}]",https://twitter.com/0xNickLFranklin/status/1783640967062663252,Access Control Issue,2024-04-25 14:18:05,https://github.com/SunWeb3Sec/DeFiHackLabs?tab=readme-ov-file#20240425-ngfs---bad-access-control,0
162,SaitaChain,1000000.000000,ethereum,"[{'txnHash': '0x903d88a92cbc0165a7f662305ac1bff97430dbcccaa0fe71e101e18aa9109c92', 'txnHashDate': 1713943175000, 'chainId': 1}, {'txnHash': '0xe09d350d8574ac1728ab5797e3aa46841f6c97239940db010943f23ad4acf7ae', 'txnHashDate': 1713943115000, 'chainId': 1}]",,Access Control Issue,2024-04-24 10:18:35,,0
161,YIEDL,150000.000000,binance,"[{'txnHash': '0x8ef3765665cd849cdf9132ab37caf6aa0f891e1f7d9f418f86a6ab6ea38b6f5b', 'txnHashDate': 1713925258000, 'chainId': 56}, {'txnHash': '0x8710034dadecfc8c26f651c612f613fffdece6e2f9957b9ec8ab843218168c1d', 'txnHashDate': 1713923683000, 'chainId': 56}, {'txnHash': '0x5e468cba495e5f6165418fb9d87d824309c54261055425f33f588dd3b3abbcea', 'txnHashDate': 1713923557000, 'chainId': 56}, {'txnHash': '0x0a89b8670c40b4067b9522a5933c3bf8c44c968103aa642b04c65d49ad9e6457', 'txnHashDate': 1713923431000, 'chainId': 56}, {'txnHash': '0x3629ad588ac120163792e92b6c43bd4bdc5bf35cac66eb7f3a0267df93abc849', 'txnHashDate': 1713923248000, 'chainId': 56}, {'txnHash': '0x0f0d41cb8af42babb043d1ede58ee1f3ab8f87c2c50d5a08c3a12d89cb330299', 'txnHashDate': 1713921901000, 'chainId': 56}, {'txnHash': '0x49ca5e188c538b4f2efb45552f13309cc0dd1f3592eee54decfc9da54620c2ec', 'txnHashDate': 1713921883000, 'chainId': 56}]",https://twitter.com/Phalcon_xyz/status/1782966561726156945,Unverified User Input,2024-04-24 04:24:43,https://github.com/SunWeb3Sec/DeFiHackLabs?tab=readme-ov-file#20240424-yield---input-validation,0
159,Hedgey Finance,1800000.000000,ethereum,"[{'txnHash': '0x03c73a343b5a481c9431af2f4a2146a0e77522a23e5cca9b2ea024778589967f', 'txnHashDate': 1713518039000, 'chainId': 1}, {'txnHash': '0x9215b87e49fdd5b0e9fd4688f2d315dfdefc73655be529cc68aa3547f8828879', 'txnHashDate': 1713517991000, 'chainId': 1}, {'txnHash': '0xe118170da24b23a7b05cffbb830fea48ca8b64bc5a0217322c68c30952004cab', 'txnHashDate': 1713517991000, 'chainId': 1}, {'txnHash': '0x0e655a77d225838499f340f5ad928acb0571b8f0e6f6fde87e0ce5f3856422d0', 'txnHashDate': 1713517919000, 'chainId': 1}, {'txnHash': '0x83cf8aae6477932bcbde5fde814f8ca40c5acec4db04f5924c8f166401d34985', 'txnHashDate': 1713517919000, 'chainId': 1}, {'txnHash': '0x353a710d9a52a919a5d7220211f11e7851cf99f1243373376c8eb2e48a94b396', 'txnHashDate': 1713516899000, 'chainId': 1}, {'txnHash': '0x91ef02e6a99bf97cf5ff54d7084736f826fb280b1af14819c4d86a63c4145099', 'txnHashDate': 1713512927000, 'chainId': 1}, {'txnHash': '0x9edb3c12cd3d3352ec56c8222aaa51bbec3e47b693deb9ffa3bcd0a0060a420c', 'txnHashDate': 1713512579000, 'chainId': 1}, {'txnHash': '0xf336ff5c7465893a87c79ac514abe2e3fac1b3e06cbe185c00ea6af18d4e7a84', 'txnHashDate': 1713512507000, 'chainId': 1}, {'txnHash': '0x108a52c403fe206bafb34ce1880138f22591f82b0f45c6c77de7c8787dc6a834', 'txnHashDate': 1713512339000, 'chainId': 1}, {'txnHash': '0x51988f56315afb8417c48948092fb6c6b1007b52aac98e71b21010ddeafea95c', 'txnHashDate': 1713512267000, 'chainId': 1}, {'txnHash': '0x4eb093c25d111efa1e8b7f6dc32cc47573c4651b6ea2e30d74bf2449c796692f', 'txnHashDate': 1713512039000, 'chainId': 1}, {'txnHash': '0xd0c23f115c66a060ffab78c91c6f9085db5af6257a72858b7fd4def6b7735617', 'txnHashDate': 1713512015000, 'chainId': 1}, {'txnHash': '0xe4dbeba25b0c0d67f8ecaff5ec7c0a9569ddc10c817ab6815d5bc3dfb22e9ec0', 'txnHashDate': 1713511907000, 'chainId': 1}, {'txnHash': '0x47da1ac72d488f746865891c9196c1632ae04f018b285b762b2b564ad1d3a9e5', 'txnHashDate': 1713511811000, 'chainId': 1}, {'txnHash': '0xa17fdb804728f226fcd10e78eae5247abd984e0f03301312315b89cae25aa517', 'txnHashDate': 1713510408001, 'chainId': 1}, {'txnHash': '0x2606d459a50ca4920722a111745c2eeced1d8a01ff25ee762e22d5d4b1595739', 'txnHashDate': 1713510407000, 'chainId': 1}]",,Unverified User Input,2024-04-19 10:06:47,,0
158,SumerMoney,350000.000000,base,"[{'txnHash': '0x619c44af9fedb8f5feea2dcae1da94b6d7e5e0e7f4f4a99352b6c4f5e43a4661', 'txnHashDate': 1712942885000, 'chainId': 8453}]",https://twitter.com/0xNickLFranklin/status/1778986926705672698,Reentrancy,2024-04-12 20:28:05,https://github.com/SunWeb3Sec/DeFiHackLabs?tab=readme-ov-file#20240412-sumermoney---reentrancy,0
157,ATM Token,182000.000000,binance,"[{'txnHash': '0x458ea2d7e6c5953b0d927aabc1c6a144df276d6ffa55b236087763396ee57067', 'txnHashDate': 1711989205000, 'chainId': 56}, {'txnHash': '0x2c110663cbce4aef8bfbe2f729de5f18ca1ae50bada00bc35584ed354d2fde20', 'txnHashDate': 1711987894000, 'chainId': 56}, {'txnHash': '0xee10553c26742bec9a4761fd717642d19012bab1704cbced048425070ee21a8a', 'txnHashDate': 1711987729000, 'chainId': 56}]",https://twitter.com/0xNickLFranklin/status/1775008489569718508,Business Logic Flaw,2024-04-01 19:08:49,https://github.com/SunWeb3Sec/DeFiHackLabs?tab=readme-ov-file#20240401-atm---business-logic-flaw,0
156,OpenLeverage,234000.000000,binance,"[{'txnHash': '0x0434bf08a63d70b84fad033d38d8b645498016b3931af4d13f6c11e86848876b', 'txnHashDate': 1711948796000, 'chainId': 56}, {'txnHash': '0xf08b6d36dc6f650c030344b6307ae94528f77a01db11d1284ed966e7e44337d3', 'txnHashDate': 1711948781000, 'chainId': 56}, {'txnHash': '0xa6a1e1a55985ed1d10bee405da0fd32e0670a075e35fd4bd990f4c309fae2839', 'txnHashDate': 1711948757000, 'chainId': 56}, {'txnHash': '0x73e690d72f6d2cbdbdb23f448e10dacc056c5bf7a090c68979cdef3f3af2e9b0', 'txnHashDate': 1711948745000, 'chainId': 56}, {'txnHash': '0x210071108f3e5cd24f49ef4b8bcdc11804984b0c0334e18a9a2cdb4cd5186067', 'txnHashDate': 1711948742000, 'chainId': 56}, {'txnHash': '0xf78a85eb32a193e3ed2e708803b57ea8ea22a7f25792851e3de2d7945e6d02d5', 'txnHashDate': 1711948733000, 'chainId': 56}]",https://twitter.com/0xNickLFranklin/status/1774727539975672136,Reentrancy,2024-04-01 08:18:53,https://github.com/SunWeb3Sec/DeFiHackLabs?tab=readme-ov-file#20240401-openleverage---reentrancy,0
155,PrismaFi,11600000.000000,ethereum,"[{'txnHash': '0xdc5c56869862f7da6527ec68da9d8e1e04ccc3ca16a6b3ebe8f714432d505245', 'txnHashDate': 1711630247000, 'chainId': 1}, {'txnHash': '0x0e38dd693ddbc2f62282932f36a4b8de75f8ea1da530532af26698b4eda9a110', 'txnHashDate': 1711630175000, 'chainId': 1}, {'txnHash': '0x3b6c97c76446650e65959723c20489ac792fe9101d57e7349df2ebe9e05d63aa', 'txnHashDate': 1711630043000, 'chainId': 1}, {'txnHash': '0xbad3925d76bcde46021b67bf59599f9655d4529682fb21e0ee1a9d27a388e460', 'txnHashDate': 1711630031000, 'chainId': 1}, {'txnHash': '0x0c91723ebf69efc84d87ae393af51410491368fe9e9edc29cef38d5479aed140', 'txnHashDate': 1711630019000, 'chainId': 1}, {'txnHash': '0x12641ade277ba56215bffe6608fb078beb93bf3bb46a37fba91144790895d580', 'txnHashDate': 1711629995000, 'chainId': 1}, {'txnHash': '0xce3cdc7c29eb7dfc565f5d99034789e80c1cd3278adafa26af6f3d21c8412c59', 'txnHashDate': 1711629731000, 'chainId': 1}, {'txnHash': '0xcd15358ed1cf3014bb4e88cb1229056cd9a0e81b7d29ede43a4e689e9a97b7a7', 'txnHashDate': 1711627967000, 'chainId': 1}, {'txnHash': '0x51ba177ae85e58133c5910e7c3a5d027d2edfa67d10e5e3874c323b88ecc377a', 'txnHashDate': 1711627667000, 'chainId': 1}, {'txnHash': '0x395d17328d331d7cdf83097963c3fd8d424d82257d8d6f64618fcc6e1e0065a6', 'txnHashDate': 1711626887000, 'chainId': 1}, {'txnHash': '0xfddfb8cbcffb27f9f4564a3a5b0a8adb35bea104afc15d6af49fc004dd7441b0', 'txnHashDate': 1711626827000, 'chainId': 1}, {'txnHash': '0xe419162da24761275b7b7e9766f3136ddfd9bdb3c4bff13be685197eed11a3ba', 'txnHashDate': 1711626347000, 'chainId': 1}, {'txnHash': '0x4d3831d7dc2496fbcd644a4c4e38efc0bb8d0f09e6daf2118b94262c573ea708', 'txnHashDate': 1711626203000, 'chainId': 1}, {'txnHash': '0x5b00512a78bab3a6055d43207ea514f044b25b06c6e4e54b48befceff2c3ac93', 'txnHashDate': 1711625807000, 'chainId': 1}, {'txnHash': '0xe15fa959627871845f2f5bbfbd7529e6d2aff20ab14ece743f11641700bd7188', 'txnHashDate': 1711625351000, 'chainId': 1}, {'txnHash': '0x0d4b5a415fa9a1452a09f8788c85a4acd2e0866519e73bdc37f5591e027b36ac', 'txnHashDate': 1711625291000, 'chainId': 1}, {'txnHash': '0x00c503b595946bccaea3d58025b5f9b3726177bbdc9674e634244135282116c7', 'txnHashDate': 1711625111000, 'chainId': 1}]",https://hackmd.io/@PrismaRisk/PostMortem0328,Unverified User Input,2024-03-28 13:25:11,https://github.com/SunWeb3Sec/DeFiHackLabs?tab=readme-ov-file#20240329-prismafi---insufficient-validation,0
151,ZongZi Token,223000.000000,binance,"[{'txnHash': '0x247f4b3dbde9d8ab95c9766588d80f8dae835129225775ebd05a6dd2c69cd79f', 'txnHashDate': 1711355145000, 'chainId': 56}]",https://twitter.com/0xNickLFranklin/status/1772195949638775262,Vulnerable Price Dependency,2024-03-25 10:25:45,https://github.com/SunWeb3Sec/DeFiHackLabs?tab=readme-ov-file#20240325-zongzi---price-manipulation,0
152,Curio Ecosystem,100000.000000,ethereum,"[{'txnHash': '0x4ff4028b03c3df468197358b99f5160e5709e7fce3884cc8ce818856d058e106', 'txnHashDate': 1711216403000, 'chainId': 1}]",https://twitter.com/AnciliaInc/status/1771619444508459318,Governance Attack,2024-03-23 19:53:23,,0
154,ARK Token,200000.000000,binance,"[{'txnHash': '0xe8b0131fa14d0a96327f6b5690159ffa7650d66376db87366ba78d91f17cd677', 'txnHashDate': 1711199895000, 'chainId': 56}]",https://twitter.com/Phalcon_xyz/status/1771728823534375249,Access Control Issue,2024-03-23 15:18:15,https://github.com/SunWeb3Sec/DeFiHackLabs?tab=readme-ov-file#20240324-ark---business-logic-flaw,0
153,ParaSwap,300000.000000,"optimism, ethereum, arbitrum, base, polygon","[{'txnHash': '0x7da5cc55e0b386d117b78cf63ccac0dd67e34718e8be72e8a07068639039bede', 'txnHashDate': 1711042293000, 'chainId': 10}, {'txnHash': '0x479cf357964bb3bc79e675f2f20b0850d2bc022edbfa596275477bfb57215dcb', 'txnHashDate': 1711042261000, 'chainId': 10}, {'txnHash': '0x1e73c4205822c28a5cb85fa354771bb4a72eb1778b68932e7ab7ba9559db09ec', 'txnHashDate': 1710979331000, 'chainId': 1}, {'txnHash': '0xb19f93865b3ec5c3c0beb4537e4ae49c211ab6480a66ea44e0fcfa57879317b5', 'txnHashDate': 1710943415000, 'chainId': 10}, {'txnHash': '0x5810fac8671043df0c2c63b6a0e34537ee68a2a9cb26bcdfcf8f7790caa25f16', 'txnHashDate': 1710935220000, 'chainId': 42161}, {'txnHash': '0x018159bb9d694362b344036081f13c0977aabdf846dd3fd6026f47ca575340c4', 'txnHashDate': 1710931623000, 'chainId': 8453}, {'txnHash': '0x197dd5574438d20582d0c7eb7ab8e39d11bbb01c5473031af284a257bac24b08', 'txnHashDate': 1710924553000, 'chainId': 137}, {'txnHash': '0x35a73969f582872c25c96c48d8bb31c23eab8a49c19282c67509b96186734e60', 'txnHashDate': 1710872735000, 'chainId': 1}]",https://medium.com/neptune-mutual/analysis-of-the-paraswap-exploit-1f97c604b4fe,Access Control Issue,2024-03-19 20:25:35,https://github.com/SunWeb3Sec/DeFiHackLabs?tab=readme-ov-file#20240320-paraswap---incorrect-access-control,0
150,MO Token,750000.000000,optimism,"[{'txnHash': '0xedad1792eef7dcb6a4bd515d3d42a9cb4bd9f10c0e2979591fc6d25156ce865c', 'txnHashDate': 1710389815000, 'chainId': 10}, {'txnHash': '0x4ec3061724ca9f0b8d400866dd83b92647ad8c943a1c0ae9ae6c9bd1ef789417', 'txnHashDate': 1710389801000, 'chainId': 10}, {'txnHash': '0x7168160b315350063896ef732d8005a4d36ffd0534e0ee3d58e82271b30b9f6a', 'txnHashDate': 1710389781000, 'chainId': 10}, {'txnHash': '0x2fb0cf4cdbca04019c679dfa51ae1d8f34153c2725ddb998f9959ef87dc174dd', 'txnHashDate': 1710389761000, 'chainId': 10}, {'txnHash': '0xbfd5dd87b9f80b377ca8649d95e4c788336c7913498c1063fa8a88fd624cd80e', 'txnHashDate': 1710389745000, 'chainId': 10}, {'txnHash': '0xb5700b647d13c625b405b57d4429ffc5902aa29a5b4888c3cf93245b279ae02d', 'txnHashDate': 1710389725000, 'chainId': 10}]",https://twitter.com/0xNickLFranklin/status/1768184024483430523,Business Logic Flaw,2024-03-14 06:15:25,https://github.com/SunWeb3Sec/DeFiHackLabs?tab=readme-ov-file#20240314-mo---business-logic-flaw,0
148,unizen,2800000.000000,"polygon, ethereum","[{'txnHash': '0x3eb2002b46de3e4adee9ed9e093e79582f08fed912194d6e869e6cbbf97eb6e9', 'txnHashDate': 1709947981000, 'chainId': 137}, {'txnHash': '0x30fef86a72ea7e1109ffeae572439995c78561ffeb968dcbd61c609efc60fdd9', 'txnHashDate': 1709941259000, 'chainId': 1}, {'txnHash': '0x57b736acc7a71a5d7d28f0abcf2d0b6553623ad480464ec347ebb30ab05aae33', 'txnHashDate': 1709939963000, 'chainId': 1}, {'txnHash': '0x398a7ea42fab5228200835141bb732843b33943a8cf63bf16104568ccdfded62', 'txnHashDate': 1709939327000, 'chainId': 1}, {'txnHash': '0xfcba2c38617edab9abf146bf4381edd2674873cc7bae9c6ba505a45e03a7228b', 'txnHashDate': 1709939207000, 'chainId': 1}, {'txnHash': '0xbe79c19ab998540e35a514b24ce65c1857c5604e6c0f8f2b485a53002cf02739', 'txnHashDate': 1709936843000, 'chainId': 1}, {'txnHash': '0x71369909c1473635961d7618484705b6a83faf55e0e6b6f885ad0c9ed0d97d56', 'txnHashDate': 1709936435000, 'chainId': 1}, {'txnHash': '0x68c900fb23f766ee989b73c9845cc1d98ceadbd36f586e2db47d5acfe60857e2', 'txnHashDate': 1709936327000, 'chainId': 1}, {'txnHash': '0x610c0f7b64567fa173c701ec106acb192f6ccda5492e2c1d2e39c8a43493f954', 'txnHashDate': 1709936147000, 'chainId': 1}, {'txnHash': '0x45534e2b0d807a4b427498b973e6e02bab0ca6857b29e7c0888e9f3e03fcc0e5', 'txnHashDate': 1709935595000, 'chainId': 1}, {'txnHash': '0xdd6e9625a9f9d7d91b00aad8d4bbfdc1fef4553a0b21b6f26a4a29cdfcbb4889', 'txnHashDate': 1709935391000, 'chainId': 1}, {'txnHash': '0xbe86b5b967a67365e7430ddd1bdf24556c64d1f6ab1e0898c67cf18c62ee584b', 'txnHashDate': 1709934335000, 'chainId': 1}, {'txnHash': '0x871cbbf381295e1c1f9014e036d2a6e860ad7571fdee03a10a40be6a905fc499', 'txnHashDate': 1709934191000, 'chainId': 1}, {'txnHash': '0xc12a4155c2c90707138e4aef8883c8f724371145823e2f661f19b93e5b3a9d6e', 'txnHashDate': 1709928815000, 'chainId': 1}]",https://twitter.com/Phalcon_xyz/status/1766274000534004187,Unverified User Input,2024-03-08 22:13:35,https://github.com/SunWeb3Sec/DeFiHackLabs?tab=readme-ov-file#20240309-unizenio---unverified-external-call,0
149,TGBS Token,150000.000000,binance,"[{'txnHash': '0xa0408770d158af99a10c60474d6433f4c20f3052e54423f4e590321341d4f2a4', 'txnHashDate': 1709710075000, 'chainId': 56}]",https://twitter.com/Phalcon_xyz/status/1765285257949974747,Business Logic Flaw,2024-03-06 09:27:55,https://github.com/SunWeb3Sec/DeFiHackLabs?tab=readme-ov-file#20240306-tgbs---business-logic-flaw,0
147,WOO,8750000.000000,arbitrum,"[{'txnHash': '0xe80a16678b5008d5be1484ec6e9e77dc6307632030553405863ffb38c1f94266', 'txnHashDate': 1709654038000, 'chainId': 42161}, {'txnHash': '0x40e1b8c78083fc666cb7598efcecd0ae0af313fc41441386e4db716c2808ce07', 'txnHashDate': 1709653769000, 'chainId': 42161}, {'txnHash': '0x57e555328b7def90e1fc2a0f7aa6df8d601a8f15803800a5aaf0a20382f21fbd', 'txnHashDate': 1709653326000, 'chainId': 42161}]",https://woo.org/blog/en/woofi-spmm-exploit-post-mortem,Vulnerable Price Dependency,2024-03-05 17:42:06,https://github.com/SunWeb3Sec/DeFiHackLabs?tab=readme-ov-file#20240305-woofi---price-manipulation,0
146,Seneca,6000000.000000,"ethereum, arbitrum","[{'txnHash': '0x9f3712672be7a120757d42fbe15ceefe9578914946bacbd0f3531e7fb7305576', 'txnHashDate': 1709132195000, 'chainId': 1}, {'txnHash': '0x5e9c14e30ff1d56da37c17d84378650881095bda2802f0a0bff90fd3a8b11e31', 'txnHashDate': 1709129244000, 'chainId': 42161}, {'txnHash': '0x3fe4b1486f2a800aa39131b359c0fc4fda0f4aaf621710c6b6754b4107a00fd1', 'txnHashDate': 1709128813000, 'chainId': 42161}, {'txnHash': '0x6e1baa7ade5bbbabd1cefeb807327aec6082b8b467b9ff74772959c27520c743', 'txnHashDate': 1709126075000, 'chainId': 1}, {'txnHash': '0xee02781eda4108f8fb3cca8355218961ad3a3e769b3de8a869acb8ed1654a67e', 'txnHashDate': 1709124815000, 'chainId': 1}, {'txnHash': '0x6da8f7cb19d6e56cd9b74298677986b3b55cb9db902175c2627b7d57a85e820d', 'txnHashDate': 1709124419000, 'chainId': 1}, {'txnHash': '0xb82239e256404e94edd650c68cea92e146c2f361a09eea11b02624eeaffbaae1', 'txnHashDate': 1709123891000, 'chainId': 1}, {'txnHash': '0x23fcf9d4517f7cc39815b09b0a80c023ab2c8196c826c93b4100f2e26b701286', 'txnHashDate': 1709122199000, 'chainId': 1}]",https://twitter.com/Phalcon_xyz/status/1763045563040411876,Arbitrary Call,2024-02-28 14:09:59,https://github.com/SunWeb3Sec/DeFiHackLabs?tab=readme-ov-file#20240228-seneca---arbitrary-external-call-vulnerability,0
144,Blueberry,1400000.000000,ethereum,"[{'txnHash': '0xf0464b01d962f714eee9d4392b2494524d0e10ce3eb3723873afd1346b8b06e4', 'txnHashDate': 1708654931000, 'chainId': 1}]",https://twitter.com/BlockSecTeam/status/1760876339903558114,Vulnerable Price Dependency,2024-02-23 04:22:11,https://github.com/SunWeb3Sec/DeFiHackLabs?tab=readme-ov-file#20240223-blueberryprotocol---logic-flaw,0
143,DeezNutz_404,170000.000000,ethereum,"[{'txnHash': '0xbeefd8faba2aa82704afe821fd41b670319203dd9090f7af8affdf6bcfec2d61', 'txnHashDate': 1708539971000, 'chainId': 1}]",https://twitter.com/0xNickLFranklin/status/1760481343161700523,Accounting Error,2024-02-21 20:26:11,https://github.com/SunWeb3Sec/DeFiHackLabs?tab=readme-ov-file#20240221-deeznutz-404---lack-of-validation,0
145,Particle Trade,139000.000000,ethereum,"[{'txnHash': '0x2cc3c3cfbdf04441f3349e49768c909ac252ace6f78b24a25d4700a47883514a', 'txnHashDate': 1707977375000, 'chainId': 1}, {'txnHash': '0xd9b3e229acc755881890394cc76fde0d7b83b1abd4d046b0f69c1fd9fd495ff6', 'txnHashDate': 1707977327000, 'chainId': 1}]",https://twitter.com/PeiQI99440310/status/1758681695208034604,Unverified User Input,2024-02-15 08:08:47,https://phalcon.blocksec.com/explorer/tx/eth/0x2cc3c3cfbdf04441f3349e49768c909ac252ace6f78b24a25d4700a47883514a,0
141,CheckDot Protocol,120000.000000,binance,"[{'txnHash': '0xdd19e3a1657f8381b561c4d6c9b61be67380e10fd4d367ccad6e8cf28c114e72', 'txnHashDate': 1706722827000, 'chainId': 56}]",https://twitter.com/Phalcon_xyz/status/1754130247409438738,Access Control Issue,2024-01-31 19:40:27,,120000
140,MIM_Spell,6500000.000000,ethereum,"[{'txnHash': '0xdb4616b89ad82062787a4e924d520639791302476484b9a6eca5126f79b6d877', 'txnHashDate': 1706610419000, 'chainId': 1}, {'txnHash': '0x26a83db7e28838dd9fee6fb7314ae58dcc6aee9a20bf224c386ff5e80f7e4cf2', 'txnHashDate': 1706609675000, 'chainId': 1}]",https://twitter.com/MageIntern/status/1752319261908017632,Precision Loss,2024-01-30 12:14:35,https://github.com/SunWeb3Sec/DeFiHackLabs?tab=readme-ov-file#20240130-mimspell---precission-loss,0
139,Barley Finance,130000.000000,ethereum,"[{'txnHash': '0xb95f56a93af1dbf477b2c527e186cc37aa4a973f8007717ff6c58ac62eb28a62', 'txnHashDate': 1706492135000, 'chainId': 1}, {'txnHash': '0x032c9e7fa7d1697fa64fd4a59f0d08278d27aa537525e9bd17f71f01d36b8b6a', 'txnHashDate': 1706471207000, 'chainId': 1}, {'txnHash': '0x2a50db3dac1b4468d226deb53cb34737669b5f93848ac04d4e296ade06f9876c', 'txnHashDate': 1706464799000, 'chainId': 1}, {'txnHash': '0x995e880635f4a7462a420a58527023f946710167ea4c6c093d7d193062a33b01', 'txnHashDate': 1706464499000, 'chainId': 1}]",https://twitter.com/Phalcon_xyz/status/1751788389139992824,Reentrancy,2024-01-28 19:54:59,https://github.com/SunWeb3Sec/DeFiHackLabs?tab=readme-ov-file#20240128-barleyfinance---reentrancy,0
137,NBLGAME,180000.000000,optimism,"[{'txnHash': '0xf4fc3b638f1a377cf22b729199a9aeb27fc62fe2983a65c4d14b99ee5c5b2328', 'txnHashDate': 1706184915000, 'chainId': 10}]",https://twitter.com/AnciliaInc/status/1750559452435222841,Reentrancy,2024-01-25 14:15:15,https://github.com/SunWeb3Sec/DeFiHackLabs?tab=readme-ov-file#20240125-nblgame---reentrancy,0
138,DAO_SoulMate,319000.000000,ethereum,"[{'txnHash': '0x1ea0a2e88efceccb2dd93e6e5cb89e5421666caeefb1e6fc41b68168373da342', 'txnHashDate': 1705943675000, 'chainId': 1}]",https://twitter.com/Phalcon_xyz/status/1749494924662223349,Access Control Issue,2024-01-22 19:14:35,,0
136,BasketDAO,107000.000000,ethereum,"[{'txnHash': '0x97201900198d0054a2f7a914f5625591feb6a18e7fc6bb4f0c964b967a6c15f6', 'txnHashDate': 1705527071000, 'chainId': 1}]",https://twitter.com/Phalcon_xyz/status/1747813119856914615,Unverified User Input,2024-01-17 23:31:11,https://github.com/SunWeb3Sec/DeFiHackLabs?tab=readme-ov-file#20240117-bmizapper---arbitrary-external-call-vulnerability,0
135,Socket,3200000.000000,ethereum,"[{'txnHash': '0x591d054a9db63f0976e533f447df482bed5f24d7429646570b2108a67e24ce54', 'txnHashDate': 1705432415000, 'chainId': 1}, {'txnHash': '0xc6c3331fa8c2d30e1ef208424c08c039a89e510df2fb6ae31e5aa40722e28fd6', 'txnHashDate': 1705432283000, 'chainId': 1}]",https://twitter.com/Phalcon_xyz/status/1747349099702059072,Unverified User Input,2024-01-16 21:11:23,https://github.com/SunWeb3Sec/DeFiHackLabs/blob/main/src/test/SocketGateway_exp.sol,0
134,Wise Lending,460000.000000,ethereum,"[{'txnHash': '0x04e16a79ff928db2fa88619cdd045cdfc7979a61d836c9c9e585b3d6f6d8bc31', 'txnHashDate': 1705087763000, 'chainId': 1}]",https://twitter.com/BlockSecTeam/status/1746022970265342111,Business Logic Flaw,2024-01-12 21:29:23,https://github.com/SunWeb3Sec/DeFiHackLabs/blob/main/src/test/WiseLending02_exp.sol,0
132,Loot,1200000.000000,ethereum,"[{'txnHash': '0xbc8c30b7db136e97251eaa9897853ddf125f155b7c63bbe4c06d704384a40556', 'txnHashDate': 1704462707000, 'chainId': 1}]",https://twitter.com/Phalcon_xyz/status/1743283390374371566,Governance Attack,2024-01-05 15:51:47,,1200000
130,Gamma Strategies,6500000.000000,arbitrum,"[{'txnHash': '0xa96584f8ab7c27daea33798bb8a66286c75a2ba57eee3b4192c771f4eb4ac609', 'txnHashDate': 1704339544000, 'chainId': 42161}, {'txnHash': '0xcbb7ba9aca8467c561e7a1213556fc0da0a7d80d076c08856b590de9ff03f838', 'txnHashDate': 1704339525000, 'chainId': 42161}, {'txnHash': '0xbbc005af95fdb0decf477989059f70ebae8433955ac3ab1cf77a30ff30f0b615', 'txnHashDate': 1704339479000, 'chainId': 42161}, {'txnHash': '0xe4bf6f1c964a89d48af60216ce110f4bf54fcbada20b7cefaf6bea55c9f4d542', 'txnHashDate': 1704339395000, 'chainId': 42161}, {'txnHash': '0xcfdc8147022e8133e74d3576d43ffb56543de30ecf2a4c8c154e51ab18551926', 'txnHashDate': 1704339358000, 'chainId': 42161}, {'txnHash': '0xf99d4164aa91d94b8b2237a4fbe789c0d117460dcbe2242e832f95447166892b', 'txnHashDate': 1704339327000, 'chainId': 42161}, {'txnHash': '0xfb044b7d892b812b430decba322922d17c3f902db6040d872d0f845e6eae7ce1', 'txnHashDate': 1704339299000, 'chainId': 42161}, {'txnHash': '0xe63c77d4a205e1036a230b483753876a93915706af24264e64e470919339ab98', 'txnHashDate': 1704339257000, 'chainId': 42161}, {'txnHash': '0xff88d10bc452c3dcf04e4ea42c585b86ac521728a40d70ec97e846ed0f0d1597', 'txnHashDate': 1704339203000, 'chainId': 42161}, {'txnHash': '0xf23c38b79806433fdd85c9b2aa70971d97d284e8ec155e0cd4141d2957911ea7', 'txnHashDate': 1704339136000, 'chainId': 42161}, {'txnHash': '0xe2301118a4ad24b944a6190b24fac26ed5a340a4a7f52788484dcce0d6f9585e', 'txnHashDate': 1704339122000, 'chainId': 42161}, {'txnHash': '0xadb209cc735cec128adc9dff43bc4666cf37037efd375970eaf23a2f9fda6e03', 'txnHashDate': 1704339102000, 'chainId': 42161}, {'txnHash': '0xb678ceb8da285bd6367a3e01af245d93dd23ab8f00a15157955c033a2b3b92c3', 'txnHashDate': 1704339078000, 'chainId': 42161}, {'txnHash': '0xf71e6e5164f8fb866873eb2ac6a600a5148c374d92b89ecbb37ce540a86a4550', 'txnHashDate': 1704339057000, 'chainId': 42161}]",https://medium.com/gamma-strategies/post-mortem-remediation-plan-9a62f10d90f3,Vulnerable Price Dependency,2024-01-04 05:30:57,https://github.com/SunWeb3Sec/DeFiHackLabs?tab=readme-ov-file#20240104-gamma---price-manipulation,0
129,Radiant Capital,4500000.000000,arbitrum,"[{'txnHash': '0xc5c4bbddec70edb58efba60c1f27bce6515a45ffcab4236026a5eeb3e877fc6d', 'txnHashDate': 1704221629000, 'chainId': 42161}, {'txnHash': '0x2af556386c023f7ebe7c662fd5d1c6cc5ed7fba4723cbd75e00faaa98cd14243', 'txnHashDate': 1704221626000, 'chainId': 42161}, {'txnHash': '0x1ce7e9a9e3b6dd3293c9067221ac3260858ce119ecb7ca860eac28b2474c7c9b', 'txnHashDate': 1704221618000, 'chainId': 42161}]",https://neptunemutual.com/blog/how-was-radiant-capital-exploited/,Accounting Error,2024-01-02 20:53:38,https://github.com/SunWeb3Sec/DeFiHackLabs?tab=readme-ov-file#20240102-radiantcapital---loss-of-precision,0
127,Transit Finance,110000.000000,binance,"[{'txnHash': '0x93ae5f0a121d5e1aadae052c36bc5ecf2d406d35222f4c6a5d63fef1d6de1081', 'txnHashDate': 1703037712000, 'chainId': 56}]",https://twitter.com/Phalcon_xyz/status/1737355152779030570,Untrusted Input,2023-12-20 04:01:52,https://github.com/SunWeb3Sec/DeFiHackLabs?tab=readme-ov-file#20231220-transitfinance---lack-of-validation-pool,0
126,Floor Protocol,1600000.000000,ethereum,"[{'txnHash': '0x4d8d7e6f2bdc49e724b8d2a0241cf31d0911a230fa17230c7f025cead1842e93', 'txnHashDate': 1702773683000, 'chainId': 1}]",https://protos.com/floor-protocol-exploited-bored-apes-and-pudgy-penguins-gone/,Business Logic Flaw,2023-12-17 02:41:23,https://github.com/SunWeb3Sec/DeFiHackLabs#20231217-floorprotocol---business-logic-flaw,0
125,NFT Trader,3000000.000000,ethereum,"[{'txnHash': '0xec7523660f8b66d9e4a5931d97ad8b30acc679c973b20038ba4c15d4336b393d', 'txnHashDate': 1702740179000, 'chainId': 1}]",https://twitter.com/Phalcon_xyz/status/1736026038675911126,Reentrancy,2023-12-16 17:22:59,https://github.com/SunWeb3Sec/DeFiHackLabs#20231216-nfttrader---reentrancy,0
124,Hypr Network,200000.000000,ethereum,"[{'txnHash': '0x51ce3d9cfc85c1f6a532b908bb2debb16c7569eb8b76effe614016aac6635f65', 'txnHashDate': 1702438235000, 'chainId': 1}]",https://twitter.com/BlockSecTeam/status/1735197818883588574,Business Logic Flaw,2023-12-13 05:30:35,https://github.com/SunWeb3Sec/DeFiHackLabs?tab=readme-ov-file#20231213-hypr---business-logic-flaw,0
123,Elephant Money,165000.000000,binance,"[{'txnHash': '0x7ccb189c78376bdc35294f1779e7156233bcbc65f8681b3d6a7f512c1c2d5218', 'txnHashDate': 1701859936000, 'chainId': 56}, {'txnHash': '0xd423ae0e95e9d6c8a89dcfed243573867e4aad29ee99a9055728cbbe0a523439', 'txnHashDate': 1701858478000, 'chainId': 56}]",https://twitter.com/Phalcon_xyz/status/1732354930529435940,Flawed Price Dependency,2023-12-06 12:27:58,https://github.com/SunWeb3Sec/DeFiHackLabs?tab=readme-ov-file#20231206-elephantstatus---price-manipulation,0
122,BEARNDAO,769000.000000,binance,"[{'txnHash': '0x51913be3f31d5ddbfc77da789e5f9653ed6b219a52772309802226445a1edd5f', 'txnHashDate': 1701813183000, 'chainId': 56}]",https://twitter.com/AnciliaInc/status/1732159377749180646,Lack of Slippage Protection,2023-12-05 23:53:03,https://github.com/SunWeb3Sec/DeFiHackLabs#20231205-bearndao---business-logic-flaw,0
121,KyberSwap,46000000.000000,"optimism, arbitrum, polygon, ethereum, avalanche, base","[{'txnHash': '0xef2c710b4dab33844b6affb1b05bdb943a1f89d4c22fdd6ddd5b07ea12d92360', 'txnHashDate': 1700695839000, 'chainId': 10}, {'txnHash': '0x8464ee4eab7e10c9c07aee4637644708cd0ce43a7265f481eac2dfb0dbab942c', 'txnHashDate': 1700694769000, 'chainId': 42161}, {'txnHash': '0x34e5c79d5c11426286313db5069b8ecd07f5e32ac5afa4b08cbe181d33627ad7', 'txnHashDate': 1700694752000, 'chainId': 137}, {'txnHash': '0xb58c81460ef0167f492fb4900e9da60cc6fa1117bd5b67b2100bb5b5e5df8b0c', 'txnHashDate': 1700694142000, 'chainId': 137}, {'txnHash': '0x396a83df7361519416a6dc960d394e689dd0f158095cbc6a6c387640716f5475', 'txnHashDate': 1700693915000, 'chainId': 1}, {'txnHash': '0x09a3a12d58b0bb80e33e3fb8e282728551dc430c65d1e520fe0009ec519d75e8', 'txnHashDate': 1700693903000, 'chainId': 1}, {'txnHash': '0x0106c7549ac4e0de16aefce2b8fe339127ee8003b236f623d05edc41429de779', 'txnHashDate': 1700693831000, 'chainId': 42161}, {'txnHash': '0x96d90b23678b34e9ff324bdef7a18bf190289afff848a26882a1fe3110bf9714', 'txnHashDate': 1700693829000, 'chainId': 43114}, {'txnHash': '0x547aea57ae199779afe1f04473cd9a33aba6330df2c80e4d9d033ad3fb4f6e8d', 'txnHashDate': 1700693822000, 'chainId': 43114}, {'txnHash': '0x567f0ba7741d097b6b1aaba68e8b75b9930f3cf946681cf9ad068aa34eb11c5b', 'txnHashDate': 1700693821000, 'chainId': 42161}, {'txnHash': '0x94d9d5e0e57d2c0df400a8e3ad417678ef69f0272a5fcfe0d9ce788063c992bd', 'txnHashDate': 1700693814000, 'chainId': 137}, {'txnHash': '0x339a65bb935f69e584ea979aa39282414371767576d4f1186a047768ef0a57c5', 'txnHashDate': 1700693812000, 'chainId': 42161}, {'txnHash': '0x7f325cf1201422cf7ab6dd06d66136c55b399144f21b70f09a0c799782c5c874', 'txnHashDate': 1700693797000, 'chainId': 10}, {'txnHash': '0xdaa80d75d872bf2513c09c76d81db54d9ddcfd06d4230e65e3bf8d87d2758db2', 'txnHashDate': 1700693795000, 'chainId': 10}, {'txnHash': '0xcea8599b8b82d5c17739fda9fe69a3e19a1613405929b3e191118681b702fc6a', 'txnHashDate': 1700693794000, 'chainId': 42161}, {'txnHash': '0x485e08dc2b6a4b3aeadcb89c3d18a37666dc7d9424961a2091d6b3696792f0f3', 'txnHashDate': 1700693711000, 'chainId': 1}, {'txnHash': '0x0a2957e7a2b45db525143d419137de854a741e7d2f61468b1dc3f83c9c27f9f7', 'txnHashDate': 1700693649000, 'chainId': 8453}]",https://blocksec.com/blog/kyberswap-incident-masterful-exploitation-of-rounding-errors-with-exceedingly-subtle-calculations,Precision Loss,2023-11-23 00:54:09,,0
119,MEV Bot 0x8c2d4e,365000.000000,binance,"[{'txnHash': '0x3dcb26a1f49eb4d02ca29960b4833bfb2e83d7b5d9591aed1204168944c8c9b3', 'txnHashDate': 1699815052000, 'chainId': 56}]",https://twitter.com/Phalcon_xyz/status/1723897569661657553,Access Control Issue,2023-11-12 20:50:52,https://github.com/SunWeb3Sec/DeFiHackLabs?tab=readme-ov-file#20231112-mevbot_0x8c2d---lack-of-access-control,0
120,MEV Bot 0xa24734,150000.000000,ethereum,"[{'txnHash': '0xdfbfb0387129541c65934e71deee404ea70de6629258ae49d9f24bcf6e866ea6', 'txnHashDate': 1699758983000, 'chainId': 1}, {'txnHash': '0xb56e984a866afed36ccf28c2a659845f5529d7de3f609d67c16c20e337c106fc', 'txnHashDate': 1699758803000, 'chainId': 1}, {'txnHash': '0x573199feba92ab6577847f2baa634ec84845d96474af31ca81a6b82ab3a4178f', 'txnHashDate': 1699756307000, 'chainId': 1}, {'txnHash': '0x53eeab4447db331dbb47f93fd58a95d6faa230d559acde0687f8b5f5829e7a45', 'txnHashDate': 1699756235000, 'chainId': 1}]",https://twitter.com/Phalcon_xyz/status/1723591214262632562,Access Control Issue,2023-11-12 05:16:23,https://github.com/SunWeb3Sec/DeFiHackLabs?tab=readme-ov-file#20231112-mevbot_0xa247---incorrect-access-control,0
118,Raft,3200000.000000,ethereum,"[{'txnHash': '0xfeedbf51b4e2338e38171f6e19501327294ab1907ab44cfd2d7e7336c975ace7', 'txnHashDate': 1699642763000, 'chainId': 1}]",https://twitter.com/BlockSecTeam/status/1723229393529835972,Precision Loss,2023-11-10 20:59:23,https://github.com/SunWeb3Sec/DeFiHackLabs?tab=readme-ov-file#20231110-raft_fi---donate-inflation-exchangerate--rounding-error,0
117,MEV Bot 0x05f016,2000000.000000,ethereum,"[{'txnHash': '0xbc08860cd0a08289c41033bdc84b2bb2b0c54a51ceae59620ed9904384287a38', 'txnHashDate': 1699399463000, 'chainId': 1}]",https://twitter.com/BlockSecTeam/status/1722101942061601052,Access Control Issue,2023-11-08 01:24:23,https://github.com/SunWeb3Sec/DeFiHackLabs?tab=readme-ov-file#20231107-mevbot---lack-of-access-control,0
116,TheStandard.io,290000.000000,arbitrum,"[{'txnHash': '0x51293c1155a1d33d8fc9389721362044c3a67e0ac732b3a6ec7661d47b03df9f', 'txnHashDate': 1699306292000, 'chainId': 42161}]",https://twitter.com/Phalcon_xyz/status/1721807569222549518,Lack of Slippage Protection,2023-11-06 23:31:32,https://github.com/SunWeb3Sec/DeFiHackLabs?tab=readme-ov-file#20231106-thestandard_io---lack-of-slippage-protection,0
115,OnyxProtocol,2000000.000000,ethereum,"[{'txnHash': '0xf7c21600452939a81b599017ee24ee0dfd92aaaccd0a55d02819a7658a6ef635', 'txnHashDate': 1698832727000, 'chainId': 1}]",https://twitter.com/Phalcon_xyz/status/1719697319824851051,Precision Loss,2023-11-01 11:58:47,https://github.com/SunWeb3Sec/DeFiHackLabs?tab=readme-ov-file#20231101-onyxprotocol---precission-loss-vulnerability,0
114,Astrid Finance,300000.000000,ethereum,"[{'txnHash': '0x8af9b5fb3e2e3df8659ffb2e0f0c1f4c90d5a80f4f6fccef143b823ce673fb60', 'txnHashDate': 1698489695000, 'chainId': 1}]",https://twitter.com/Phalcon_xyz/status/1718454835966775325,Business Logic Flaw,2023-10-28 13:41:35,https://github.com/SunWeb3Sec/DeFiHackLabs?tab=readme-ov-file#20231028-astridprotocol---business-logic-flaw,0
113,Maestro,668000.000000,ethereum,"[{'txnHash': '0xc087fbd68b9349b71838982e789e204454bfd00eebf9c8e101574376eb990d92', 'txnHashDate': 1698188027000, 'chainId': 1}]",https://twitter.com/Phalcon_xyz/status/1717014871836098663,Arbitrary Calls,2023-10-25 01:53:47,https://github.com/SunWeb3Sec/DeFiHackLabs?tab=readme-ov-file#20231024-maestrorouter2---arbitrary-external-call,0
112,Hope.money,825000.000000,ethereum,"[{'txnHash': '0x1a7ee0a7efc70ed7429edef069a1dd001fbff378748d91f17ab1876dc6d10392', 'txnHashDate': 1697629739000, 'chainId': 1}]",https://x.com/BlockSecTeam/status/1714701696189034664,Precision Loss,2023-10-18 14:48:59,https://github.com/SunWeb3Sec/DeFiHackLabs?tab=readme-ov-file#20231018-hopelend---div-precision-loss,0
111,WiseLending.com,260000.000000,ethereum,"[{'txnHash': '0x7ac4a98599596adbf12fffa2bd23e2a2d2ac7e8989b6ea043fcc412a29126555', 'txnHashDate': 1697207963000, 'chainId': 1}]",https://twitter.com/BlockSecTeam/status/1712871304993689709,Precision Loss,2023-10-13 17:39:23,https://github.com/SunWeb3Sec/DeFiHackLabs?tab=readme-ov-file#20231013-wiselending---donate-inflation-exchangerate--rounding-error,0
110,Platypus,2000000.000000,avalanche,"[{'txnHash': '0xab5f6242fb073af1bb3cd6e891bc93d247e748a69e599a3744ff070447acb20f', 'txnHashDate': 1697081389000, 'chainId': 43114}]",https://twitter.com/BlockSecTeam/status/1712445197538468298,Business Logic Flaw,2023-10-12 06:29:49,https://github.com/SunWeb3Sec/DeFiHackLabs?tab=readme-ov-file#20231012-platypus---business-logic-flaw,0
109,BH Token,1270000.000000,binance,"[{'txnHash': '0xc11e4020c0830bcf84bfa197696d7bfad9ff503166337cb92ea3fade04007662', 'txnHashDate': 1697033673000, 'chainId': 56}]",,Business Logic Flaw,2023-10-11 17:14:33,https://github.com/SunWeb3Sec/DeFiHackLabs?tab=readme-ov-file#20231011-bh---price-manipulation,0
108,Stars Arena,3000000.000000,avalanche,"[{'txnHash': '0x49c5b3b414bf874689de9a5b98c55445659c2fd2ad6f8a3cdd4e0203937c395e', 'txnHashDate': 1695481870000, 'chainId': 43114}]",https://twitter.com/BlockSecTeam/status/1710556926986342911,Reentrancy,2023-09-23 18:11:10,https://github.com/SunWeb3Sec/DeFiHackLabs?tab=readme-ov-file#20231007-starsarena---reentrancy,0
107,Balancer,2000000.000000,ethereum,"[{'txnHash': '0x2a027c8b915c3737942f512fc5d26fd15752d0332353b3059de771a35a606c2d', 'txnHashDate': 1693122959000, 'chainId': 1}]",https://blocksecteam.medium.com/yet-another-risk-posed-by-precision-loss-an-in-depth-analysis-of-the-recent-balancer-incident-fad93a3c75d4,Precision Loss,2023-08-27 10:55:59,https://github.com/SunWeb3Sec/DeFiHackLabs?tab=readme-ov-file#20230827-balancer---rounding-error--business-logic-flaw,0
106,SVT,400000.000000,binance,"[{'txnHash': '0xf2a0c957fef493af44f55b201fbc6d82db2e4a045c5c856bfe3d8cb80fa30c12', 'txnHashDate': 1693017649000, 'chainId': 56}]",https://twitter.com/Phalcon_xyz/status/1695285435671392504?s=20,Flawed Price Calculation,2023-08-26 05:40:49,https://github.com/SunWeb3Sec/DeFiHackLabs?tab=readme-ov-file#20230826-svt---flawed-price-calculation,0
105,Exactly Protocol,7000000.000000,optimism,"[{'txnHash': '0xe8999fb57684856d637504f1f0082b69a3f7b34dd4e7597bea376c9466813585', 'txnHashDate': 1692349899000, 'chainId': 10}, {'txnHash': '0x1526acfb7062090bd5fed1b3821d1691c87f6c4fb294f56b5b921f0edf0cfad6', 'txnHashDate': 1692349895000, 'chainId': 10}, {'txnHash': '0x3d6367de5c191204b44b8a5cf975f257472087a9aadc59b5d744ffdef33a520e', 'txnHashDate': 1692349893000, 'chainId': 10}]",https://twitter.com/BlockSecTeam/status/1692533280971936059,Untrusted Input,2023-08-18 12:11:33,https://github.com/SunWeb3Sec/DeFiHackLabs?tab=readme-ov-file#20230818-exactlyprotocol---insufficient-validation,0
104,Zunami Protocol,2000000.000000,ethereum,"[{'txnHash': '0x0788ba222970c7c68a738b0e08fb197e669e61f9b226ceec4cab9b85abe8cceb', 'txnHashDate': 1691966087000, 'chainId': 1}]",https://twitter.com/BlockSecTeam/status/1690931111776358400,Flawed Price Dependency,2023-08-14 01:34:47,https://github.com/SunWeb3Sec/DeFiHackLabs?tab=readme-ov-file#20230814-zunamiprotocol---price-manipulation,0
103,Earning.Farm,286000.000000,ethereum,"[{'txnHash': '0x6e6e556a5685980317cb2afdb628ed4a845b3cbd1c98bdaffd0561cb2c4790fa', 'txnHashDate': 1691566463000, 'chainId': 1}]",https://twitter.com/Phalcon_xyz/status/1689182459269644288,Reentrancy,2023-08-09 10:34:23,https://github.com/SunWeb3Sec/DeFiHackLabs?tab=readme-ov-file#20230809-earningfram---reentrancy,0
142,MEV Bot 0xd61492,800000.000000,arbitrum,"[{'txnHash': '0x864c8cfb8c54d3439613e6bd0d81a5ea2c5d0ad25c9af11afd190e5ea4dcfc1f', 'txnHashDate': 1691058324000, 'chainId': 42161}]",https://blocksec.com/blog/9-mev-bot-0xd61492-from-predator-to-prey-in-an-ingenious-exploit,Unverified User Input,2023-08-03 13:25:24,,0
102,LeetSwap,630000.000000,base,"[{'txnHash': '0xf0c2ed12a446713d6e38e7a4f0e05d45360ee9305b7d6e0b796fc44f848f6052', 'txnHashDate': 1690853541000, 'chainId': 8453}]",https://twitter.com/BlockSecTeam/status/1686217464051539968,Access Control Issue,2023-08-01 04:32:21,https://github.com/SunWeb3Sec/DeFiHackLabs?tab=readme-ov-file#20230801-leetswap---access-control,0
128,Curve,60000000.000000,ethereum,"[{'txnHash': '0x006763dff653ecddfd3681181a29e7e6d6c2aaa7bafb27fe1376f3f7ce367c1e', 'txnHashDate': 1691200055000, 'chainId': 1}, {'txnHash': '0xe928d5de53bea42231d0dd140a3f761adb93081038a368591eb1166168297bdc', 'txnHashDate': 1690984475000, 'chainId': 1}, {'txnHash': '0xcd99fadd7e28a42a063e07d9d86f67c88e10a7afe5921bd28cd1124924ae2052', 'txnHashDate': 1690754447000, 'chainId': 1}, {'txnHash': '0x2e7dc8b2fb7e25fd00ed9565dcc0ad4546363171d5e00f196d48103983ae477c', 'txnHashDate': 1690744103000, 'chainId': 1}, {'txnHash': '0xb676d789bb8b66a08105c844a49c2bcffb400e5c1cfabd4bc30cca4bff3c9801', 'txnHashDate': 1690731287000, 'chainId': 1}, {'txnHash': '0xc93eb238ff42632525e990119d3edc7775299a70b56e54d83ec4f53736400964', 'txnHashDate': 1690728611000, 'chainId': 1}, {'txnHash': '0xa84aa065ce61dbb1eb50ab6ae67fc31a9da50dd2c74eefd561661bfce2f1620c', 'txnHashDate': 1690722635000, 'chainId': 1}]",https://blocksec.com/blog/curve-incident-compiler-error-produces-faulty-bytecode-from-innocent-source-code,Reentrancy,2023-07-30 16:10:35,https://github.com/SunWeb3Sec/DeFiHackLabs?tab=readme-ov-file#20230730-curve---vyper-compiler-bug--reentrancy,0
101,Carson Token,150000.000000,binance,"[{'txnHash': '0xcd781fec34b46f8c7372a9fcc7604c210b40442dc4f1a5c274fc3f9283df39ce', 'txnHashDate': 1690393293000, 'chainId': 56}, {'txnHash': '0xed52a42b2f45e4dea8d07f70d645931e4f6da65e9ab281cd3dbb9d9d21febb45', 'txnHashDate': 1690393164000, 'chainId': 56}, {'txnHash': '0x6a94a644856c3aa1db8249b700956379b6b3a18de9b8811566fbd56c89240a01', 'txnHashDate': 1690393053000, 'chainId': 56}, {'txnHash': '0x37d921a6bb0ecdd8f1ec918d795f9c354727a3ff6b0dba98a512fceb9662a3ac', 'txnHashDate': 1690392936000, 'chainId': 56}]",https://twitter.com/Phalcon_xyz/status/1684272129859289088,Flawed Price Dependency,2023-07-26 20:41:33,https://github.com/SunWeb3Sec/DeFiHackLabs?tab=readme-ov-file#20230726-carson---price-manipulation,0
100,Palmswap,900000.000000,binance,"[{'txnHash': '0x62dba55054fa628845fecded658ff5b1ec1c5823f1a5e0118601aa455a30eac9', 'txnHashDate': 1690219418000, 'chainId': 56}]",https://twitter.com/BlockSecTeam/status/1683680026766737408,Flawed Price Dependency,2023-07-24 20:23:38,https://github.com/SunWeb3Sec/DeFiHackLabs?tab=readme-ov-file#20230724-palmswap---business-logic-flaw,0
99,Conic Finance,3250000.000000,ethereum,"[{'txnHash': '0x8b74995d1d61d3d7547575649136b8765acb22882960f0636941c44ec7bbe146', 'txnHashDate': 1689935711000, 'chainId': 1}]",https://twitter.com/BlockSecTeam/status/1682356244299010049,Flawed Price Dependency,2023-07-21 13:35:11,https://github.com/SunWeb3Sec/DeFiHackLabs?tab=readme-ov-file#20230721-conic-finance---read-only-reentrancy--misconfiguration,0
98,FFIST Token,110000.000000,binance,"[{'txnHash': '0x199c4b88cab6b4b495b9d91af98e746811dd8f82f43117c48205e6332db9f0e0', 'txnHashDate': 1689811626000, 'chainId': 56}]",https://twitter.com/Phalcon_xyz/status/1681869807698984961,Business Logic Flaw,2023-07-20 03:07:06,https://github.com/SunWeb3Sec/DeFiHackLabs?tab=readme-ov-file#20230720-ffist---business-logic-flaw,0
95,Rodeo Finance,888000.000000,arbitrum,"[{'txnHash': '0xb1be5dee3852c818af742f5dd44def285b497ffc5c2eda0d893af542a09fb25a', 'txnHashDate': 1689061525000, 'chainId': 42161}]",https://twitter.com/Phalcon_xyz/status/1678765773396008967,Flawed Price Dependency,2023-07-11 10:45:25,https://github.com/SunWeb3Sec/DeFiHackLabs?tab=readme-ov-file#20230711-rodeofinance---twap-oracle-manipulation,0
96,Libertify,452000.000000,"ethereum, polygon","[{'txnHash': '0xcb0ad9da33ecabf75df0a24aabf8a4517e4a7c5b1b2f11fee3b6a1ad9299a282', 'txnHashDate': 1689061751000, 'chainId': 1}, {'txnHash': '0x7320accea0ef1d7abca8100c82223533b624c82d3e8d445954731495d4388483', 'txnHashDate': 1689060728000, 'chainId': 137}]",https://twitter.com/Phalcon_xyz/status/1678694679767031809,Reentrancy,2023-07-11 10:32:08,https://github.com/SunWeb3Sec/DeFiHackLabs?tab=readme-ov-file#20230711-libertify---reentrancy,0
94,Arcadia Finance,400000.000000,"optimism, ethereum","[{'txnHash': '0xefc4ac015069fdf9946997be0459db44c0491221159220be782454c32ec2d651', 'txnHashDate': 1688952119000, 'chainId': 1}, {'txnHash': '0xca7c1a0fde444e1a68a8c2b8ae3fb76ec384d1f7ae9a50d26f8bfdd37c7a0afe', 'txnHashDate': 1688951767000, 'chainId': 10}]",https://twitter.com/Phalcon_xyz/status/1678250590709899264,Reentrancy,2023-07-10 04:16:07,https://github.com/SunWeb3Sec/DeFiHackLabs?tab=readme-ov-file#20230710-arcadiafi---reentrancy,0
93,CIVNFT,180000.000000,ethereum,"[{'txnHash': '0x93a033917fcdbd5fe8ae24e9fe22f002949cba2f621a1c43a54f6519479caceb', 'txnHashDate': 1688829395000, 'chainId': 1}]",https://twitter.com/Phalcon_xyz/status/1677722208893022210,Access Control Issue,2023-07-08 18:16:35,https://github.com/SunWeb3Sec/DeFiHackLabs?tab=readme-ov-file#20230708-civnft---lack-of-access-control,0
90,Shido,326000.000000,binance,"[{'txnHash': '0x72f8dd2bcfe2c9fbf0d933678170417802ac8a0d8995ff9a56bfbabe3aa712d6', 'txnHashDate': 1687561240000, 'chainId': 56}]",https://twitter.com/Phalcon_xyz/status/1672473343734480896,Business Logic Flaw,2023-06-24 02:00:40,https://github.com/SunWeb3Sec/DeFiHackLabs?tab=readme-ov-file#20230623-shido---business-loigc,0
171,MidasCapitalXYZ,600000.000000,binance,"[{'txnHash': '0x4a304ff08851106691f626045b0f55d403e3a0958363bdf82b96e8ce7209c3a6', 'txnHashDate': 1687021303000, 'chainId': 56}]",https://x.com/BlockSecTeam/status/1670145829204819969,Precision Loss,2023-06-17 20:01:43,,0
84,Pawnfi,820000.000000,ethereum,"[{'txnHash': '0xe855cc3bad87933bf742fd474bd0ae0ec58d45e9c1a0643b9700dafe8faf0864', 'txnHashDate': 1686969851000, 'chainId': 1}]",https://blog.solidityscan.com/pawnfi-hack-analysis-38ac9160cbb4,Untrusted Input,2023-06-17 05:44:11,https://github.com/SunWeb3Sec/DeFiHackLabs?tab=readme-ov-file#20230617-pawnfi---business-logic-flaw,0
89,Sturdy,800000.000000,ethereum,"[{'txnHash': '0xeb87ebc0a18aca7d2a9ffcabf61aa69c9e8d3c6efade9e2303f8857717fb9eb7', 'txnHashDate': 1686531995000, 'chainId': 1}]",https://twitter.com/BlockSecTeam/status/1668084629654638592,Flawed Price Dependency,2023-06-12 04:06:35,https://github.com/SunWeb3Sec/DeFiHackLabs?tab=readme-ov-file#20230612-sturdy-finance---read-only-reentrancy,0
88,ERC20TokenBank,111000.000000,ethereum,"[{'txnHash': '0x578a195e05f04b19fd8af6358dc6407aa1add87c3167f053beb990d6b4735f26', 'txnHashDate': 1685512463000, 'chainId': 1}]",https://twitter.com/BlockSecTeam/status/1663810037788311561,Flawed Price Dependency,2023-05-31 08:54:23,https://github.com/SunWeb3Sec/DeFiHackLabs?tab=readme-ov-file#20230531-erc20tokenbank---price-manipulation,0
86,BabyDogeCoin,135000.000000,binance,"[{'txnHash': '0x098e7394a1733320e0887f0de22b18f5c71ee18d48a0f6d30c76890fb5c85375', 'txnHashDate': 1685239913000, 'chainId': 56}]",https://twitter.com/Phalcon_xyz/status/1662744426475831298,Lack Slippage Protection,2023-05-28 05:11:53,https://github.com/SunWeb3Sec/DeFiHackLabs?tab=readme-ov-file#20230529-babydogecoin---lack-slippage-protection,0
85,Jimbos Protocol,8000000.000000,arbitrum,"[{'txnHash': '0x44a0f5650a038ab522087c02f734b80e6c748afb207995e757ed67ca037a5eda', 'txnHashDate': 1685233493000, 'chainId': 42161}, {'txnHash': '0x3c6e053faecd331883641c1d23c9d9d37d065e4f9c4086e94a3c34bf8702618a', 'txnHashDate': 1685233492000, 'chainId': 42161}, {'txnHash': '0xfda5464e97043a2d0093cbed6d0a64f6a86049f5e9608c014396a7390188670e', 'txnHashDate': 1685233492000, 'chainId': 42161}, {'txnHash': '0xf9baf8cee8973cf9700ae1b1f41c625d7a2abdbcbc222582d24a8f2f790d0b5a', 'txnHashDate': 1685233492000, 'chainId': 42161}]",https://twitter.com/yicunhui2/status/1663793958781353985,Flawed Price Dependency,2023-05-28 03:24:52,https://github.com/SunWeb3Sec/DeFiHackLabs?tab=readme-ov-file#20230529-jimbo---protocol-specific-price-manipulation,0
83,GPT Token,155000.000000,binance,"[{'txnHash': '0xb77cb34cd01204bdad930d8c172af12462eef58dea16199185b77147d6533391', 'txnHashDate': 1684944038000, 'chainId': 56}]",https://twitter.com/Phalcon_xyz/status/1661424685320634368,Fee Machenism Exploitation,2023-05-24 19:00:38,https://github.com/SunWeb3Sec/DeFiHackLabs?tab=readme-ov-file#20230525-gpt-token---fee-machenism-exploitation,0
82,CS Token,714000.000000,binance,"[{'txnHash': '0x906394b2ee093720955a7d55bff1666f6cf6239e46bea8af99d6352b9687baa4', 'txnHashDate': 1684860210000, 'chainId': 56}]",https://twitter.com/BlockSecTeam/status/1661098394130198528,Business Logic Flaw,2023-05-23 19:43:30,https://github.com/SunWeb3Sec/DeFiHackLabs?tab=readme-ov-file#20230524-cs-token---outdated-global-variable,0
81,SellToken,197000.000000,binance,"[{'txnHash': '0x7d04e953dad4c880ad72b655a9f56bc5638bf4908213ee9e74360e56fa8d7c6a', 'txnHashDate': 1683961936000, 'chainId': 56}]",https://twitter.com/BlockSecTeam/status/1657324561577435136,Flawed Price Dependency,2023-05-13 10:12:16,https://github.com/SunWeb3Sec/DeFiHackLabs?tab=readme-ov-file#20230513-selltoken02---price-manipulation,0
79,SNK,197000.000000,binance,"[{'txnHash': '0x7394f2520ff4e913321dd78f67dd84483e396eb7a25cbb02e06fe875fc47013a', 'txnHashDate': 1683679602000, 'chainId': 56}]",https://twitter.com/Phalcon_xyz/status/1656176776425644032,Reward Calculation Error,2023-05-10 03:46:42,https://github.com/SunWeb3Sec/DeFiHackLabs?tab=readme-ov-file#20230510-snk---reward-calculation-error,0
80,DEI,4500000.000000,arbitrum,"[{'txnHash': '0xb1141785b7b94eb37c39c37f0272744c6e79ca1517529fec3f4af59d4c3c37ef', 'txnHashDate': 1683309165000, 'chainId': 42161}]",https://twitter.com/eugenioclrc/status/1654576296507088906,Business Logic Flaw,2023-05-05 20:52:45,https://github.com/SunWeb3Sec/DeFiHackLabs?tab=readme-ov-file#20230505-dei---wrong-implemention,0
78,Level Finance,1000000.000000,binance,"[{'txnHash': '0xe1f257041872c075cbe6a1212827bc346df3def6d01a07914e4006ec43027165', 'txnHashDate': 1682963441000, 'chainId': 56}]",https://twitter.com/BlockSecTeam/status/1653267431127920641,Business Logic Flaw,2023-05-01 20:50:41,https://github.com/SunWeb3Sec/DeFiHackLabs?tab=readme-ov-file#20230502-level---business-logic-flaw,0
77,0vix Protocol,550000.000000,polygon,"[{'txnHash': '0x10f2c28f5d6cd8d7b56210b4d5e0cece27e45a30808cd3d3443c05d4275bb008', 'txnHashDate': 1682678716000, 'chainId': 137}]",https://twitter.com/BlockSecTeam/status/1651918708024156168,Flawed Price Dependency,2023-04-28 13:45:16,https://github.com/SunWeb3Sec/DeFiHackLabs?tab=readme-ov-file#20230428-0vix---flashloan-price-manipulation,0
70,Hundred Finance,7000000.000000,optimism,"[{'txnHash': '0x6e9ebcdebbabda04fa9f2e3bc21ea8b2e4fb4bf4f4670cb8483e2f0b2604f451', 'txnHashDate': 1681567920000, 'chainId': 10}]",https://blocksec.com/blog/6-hundred-finance-incident-catalyzing-the-wave-of-precision-related-exploits-in-vulnerable-forked-protocols,Precision Loss,2023-04-15 17:12:00,https://github.com/SunWeb3Sec/DeFiHackLabs?tab=readme-ov-file#20230415-hundredfinance---donate-inflation-exchangerate--rounding-error,0
76,yearnFinance,11000000.000000,ethereum,"[{'txnHash': '0x8db0ef33024c47200d47d8e97b0fcfc4b51de1820dfb4e911f0e3fb0a4053138', 'txnHashDate': 1681365167000, 'chainId': 1}, {'txnHash': '0xd55e43c1602b28d4fd4667ee445d570c8f298f5401cf04e62ec329759ecda95d', 'txnHashDate': 1681365155000, 'chainId': 1}]",https://twitter.com/BeosinAlert/status/1646481687445114881,Misconfiguration,2023-04-13 08:52:47,https://github.com/SunWeb3Sec/DeFiHackLabs?tab=readme-ov-file#20230413-yearnfinance---misconfiguration,0
68,MetaPoint,820000.000000,binance,"[{'txnHash': '0xccd12f22629b2c42d2b680362dadbd1b3d89cb4a87a8c9b297766b4974c6ad34', 'txnHashDate': 1681242593000, 'chainId': 56}]",https://twitter.com/Phalcon_xyz/status/1645963327502204929,Access Control Issue,2023-04-11 22:49:53,https://github.com/SunWeb3Sec/DeFiHackLabs?tab=readme-ov-file#20230412-metapoint---unrestricted-approval,0
67,Paribus,100000.000000,arbitrum,"[{'txnHash': '0x0e29dcf4e9b211a811caf00fc8294024867bffe4ab2819cc1625d2e9d62390af', 'txnHashDate': 1681208132000, 'chainId': 42161}]",https://twitter.com/Phalcon_xyz/status/1645742620897955842,Reentrancy,2023-04-11 13:15:32,https://github.com/SunWeb3Sec/DeFiHackLabs?tab=readme-ov-file#20230411-paribus---reentrancy,0
73,SushiSwap,3300000.000000,ethereum,"[{'txnHash': '0x11d069cbe4490cc483b1ae2e77c9c79493213347b42a8dec2ded25724e2f1835', 'txnHashDate': 1681007927000, 'chainId': 1}, {'txnHash': '0x04b166e7b4ab5105a8e9c85f08f6346de1c66368687215b0e0b58d6e5002bc32', 'txnHashDate': 1681007759000, 'chainId': 1}, {'txnHash': '0x40be81f859227aa952e70fe1f5e8c84feed6aa3c2a4d6bf38125cd6bc222560a', 'txnHashDate': 1681007759000, 'chainId': 1}, {'txnHash': '0xbb9aac794415b2fbe2c947fe37ebb29c75526c150d33dd408ccddbcb52534828', 'txnHashDate': 1681007735000, 'chainId': 1}, {'txnHash': '0x6ac2d60c8f48144f2adb10ab161efdd491a791c6a666c450d4b33c6889fc0925', 'txnHashDate': 1681007735000, 'chainId': 1}, {'txnHash': '0xea3480f1f1d1f0b32283f8f282ce16403fe22ede35c0b71a732193e56c5c45e8', 'txnHashDate': 1681007723000, 'chainId': 1}, {'txnHash': '0x8e28bc58897f35e71b727f3066ae57b4d597014db6778bbf70838347c112e0e1', 'txnHashDate': 1681007723000, 'chainId': 1}, {'txnHash': '0x542838429f32b49d71264cc1036bb7cfd66824613ba0c437f7ce4269edb58f74', 'txnHashDate': 1681007723000, 'chainId': 1}, {'txnHash': '0x3610d3e3f2381c73f4bd128df9be90de87482802f30712dd555619b8bf3462a4', 'txnHashDate': 1681007723000, 'chainId': 1}, {'txnHash': '0x43ff7e01423044cfb501b4fe9ef1386725c0ddc117dadd6e6620cb68bdeaf4f9', 'txnHashDate': 1681007723000, 'chainId': 1}]",https://blocksec.com/blog/8-sushi-swap-incident-a-clumsy-rescue-attempt-leads-to-a-series-of-copycat-attacks,Untrusted Input,2023-04-09 05:35:23,https://github.com/SunWeb3Sec/DeFiHackLabs?tab=readme-ov-file#20230409-sushiswap---unchecked-user-input,186000
72,Sentiment,1000000.000000,arbitrum,"[{'txnHash': '0xa9ff2b587e2741575daf893864710a5cbb44bb64ccdc487a100fa20741e0f74d', 'txnHashDate': 1680630629000, 'chainId': 42161}]",,Flawed Price Dependency,2023-04-04 20:50:29,https://github.com/SunWeb3Sec/DeFiHackLabs?tab=readme-ov-file#20230405-sentiment---read-only-reentrancy,0
133,Low-Carb-Crusader,25000000.000000,ethereum,"[{'txnHash': '0xef7f6864a93f8d10dd8fafbe75b041db8c282159fe43632c26a29f176894678e', 'txnHashDate': 1680478175000, 'chainId': 1}, {'txnHash': '0x8222caee8d1e1188f7a99af8315486a828aaf3432b6528a8e45b9f1bb73653e3', 'txnHashDate': 1680478175000, 'chainId': 1}, {'txnHash': '0x787980ae064cba2430213ffe14bff6fd71193983055725dcf185341bab68811e', 'txnHashDate': 1680478175000, 'chainId': 1}, {'txnHash': '0x454c858e7f7b11706335225c72b1eaee13a215e8657a4ae699669d6f1cd18550', 'txnHashDate': 1680478175000, 'chainId': 1}, {'txnHash': '0x2bb955b94aa5e2cc0854e23b58268d89aab93e17cb8b11c61996d875f1cc64f9', 'txnHashDate': 1680478175000, 'chainId': 1}, {'txnHash': '0x6957ccca95ad6a7f2d698a2362f4881591ff18f18cbc5edb149ce490521639a6', 'txnHashDate': 1680478175000, 'chainId': 1}, {'txnHash': '0xa34d79cbe9aef1bf07692885b353d85912523dfc4662611d33dd09ff6c319c85', 'txnHashDate': 1680478175000, 'chainId': 1}, {'txnHash': '0x4b2a2d03b3dc136ef94ebe2f3bc36231b104172bcb598104730898f7d81a55db', 'txnHashDate': 1680478175000, 'chainId': 1}]",https://blocksec.com/blog/harvesting-mev-bots-by-exploiting-vulnerabilities-in-flashbots-relay,Business Logic Flaw,2023-04-03 02:29:35,,0
71,Allbridge,550000.000000,binance,"[{'txnHash': '0x7ff1364c3b3b296b411965339ed956da5d17058f3164425ce800d64f1aef8210', 'txnHashDate': 1680386222000, 'chainId': 56}]",https://twitter.com/BeosinAlert/status/1642372700726505473,Flawed Price Dependency,2023-04-02 00:57:02,https://github.com/SunWeb3Sec/DeFiHackLabs?tab=readme-ov-file#20230402-allbridge---flashloan-price-manipulation,0
69,SafeMoon,8900000.000000,binance,"[{'txnHash': '0x48e52a12cb297354a2a1c54cbc897cf3772328e7e71f51c9889bb8c5e533a934', 'txnHashDate': 1680031587000, 'chainId': 56}]",https://twitter.com/zokyo_io/status/1641014520041840640,Access Control Issue,2023-03-28 21:26:27,https://github.com/SunWeb3Sec/DeFiHackLabs?tab=readme-ov-file#20230328-safemoon-hack,0
66,ParaSpace,7000000.000000,ethereum,"[{'txnHash': '0xe3f0d14cfb6076cabdc9057001c3fafe28767a192e88005bc37bd7d385a1116a', 'txnHashDate': 1679032139000, 'chainId': 1}]",https://blocksec.com/blog/paraspace-incident-a-race-against-time-to-thwart-the-industrys-most-critical-attack-yet,Flawed Price Dependency,2023-03-17 07:48:59,https://github.com/SunWeb3Sec/DeFiHackLabs?tab=readme-ov-file#20230317---paraspace-nft---flashloan--scaledbalanceof-manipulation,5000000
65,Euler Finance,200000000.000000,ethereum,"[{'txnHash': '0x3097830e9921e4063d334acb82f6a79374f76f0b1a8f857e89b89bc58df1f311', 'txnHashDate': 1678698539000, 'chainId': 1}, {'txnHash': '0x465a6780145f1efe3ab52f94c006065575712d2003d83d85481f3d110ed131d9', 'txnHashDate': 1678698299000, 'chainId': 1}, {'txnHash': '0x62bd3d31a7b75c098ccf28bc4d4af8c4a191b4b9e451fab4232258079e8b18c4', 'txnHashDate': 1678698263000, 'chainId': 1}, {'txnHash': '0x71a908be0bef6174bccc3d493becdfd28395d78898e355d451cb52f7bac38617', 'txnHashDate': 1678698203000, 'chainId': 1}, {'txnHash': '0x47ac3527d02e6b9631c77fad1cdee7bfa77a8a7bfd4880dccbda5146ace4088f', 'txnHashDate': 1678697795000, 'chainId': 1}, {'txnHash': '0xc310a0affe2169d1f6feec1c63dbc7f7c62a887fa48795d327d4d2da2d6b111d', 'txnHashDate': 1678697459000, 'chainId': 1}]",https://blocksec.com/blog/euler-finance-incident-the-largest-hack-of-2023,Business Logic Flaw,2023-03-13 10:50:59,https://github.com/SunWeb3Sec/DeFiHackLabs?tab=readme-ov-file#20230313---eulerfinance---business-logic-flaw,0
64,swapX,1000000.000000,binance,"[{'txnHash': '0x3ee23c1585474eaa4f976313cafbc09461abb781d263547c8397788c68a00160', 'txnHashDate': 1677479141000, 'chainId': 56}]",https://twitter.com/BlockSecTeam/status/1630111965942018049,Access Control Issue,2023-02-27 08:25:41,https://github.com/SunWeb3Sec/DeFiHackLabs?tab=readme-ov-file#20230227---swapx---access-control,0
62,EFVault,5100000.000000,ethereum,"[{'txnHash': '0x1fe5a53405d00ce2f3e15b214c7486c69cbc5bf165cf9596e86f797f62e81914', 'txnHashDate': 1677217811000, 'chainId': 1}]",https://twitter.com/peckshield/status/1630490333716029440,Storage Collision,2023-02-24 07:50:11,https://github.com/SunWeb3Sec/DeFiHackLabs?tab=readme-ov-file#20230224---efvault---storage-collision,0
61,Dexible,1500000.000000,ethereum,"[{'txnHash': '0x138daa4cbeaa3db42eefcec26e234fc2c89a4aa17d6b1870fc460b2856fd11a6', 'txnHashDate': 1676607635000, 'chainId': 1}]",https://twitter.com/MevRefund/status/1626450002254958592,Arbitrary Call,2023-02-17 06:20:35,https://github.com/SunWeb3Sec/DeFiHackLabs?tab=readme-ov-file#20230217---dexible---arbitrary-external-call-vulnerability,0
60,Platypus,8500000.000000,avalanche,"[{'txnHash': '0x1266a937c2ccd970e5d7929021eed3ec593a95c68a99b4920c2efa226679b430', 'txnHashDate': 1676575014000, 'chainId': 43114}]",https://blocksec.com/blog/5-platypus-finance-surviving-three-attacks-with-a-stroke-of-luck,Business Logic Flaw,2023-02-16 21:16:54,https://github.com/SunWeb3Sec/DeFiHackLabs?tab=readme-ov-file#20230217---platypusdefi---business-logic-flaw,2400000
59,dForce,3650000.000000,"arbitrum, optimism","[{'txnHash': '0x6c19762186c9f32c81eb2a79420fc7ad4485aa916cab37ec278b216757bfba0d', 'txnHashDate': 1675984262000, 'chainId': 10}, {'txnHash': '0x5db5c2400ab56db697b3cc9aa02a05deab658e1438ce2f8692ca009cc45171dd', 'txnHashDate': 1675984222000, 'chainId': 42161}]",https://twitter.com/BlockSecTeam/status/1623901011680333824,Flawed Price Dependency,2023-02-10 01:11:02,https://github.com/SunWeb3Sec/DeFiHackLabs?tab=readme-ov-file#20230210---dforce---read-only-reentrancy,0
63,Orion Protocol,3000000.000000,"binance, ethereum","[{'txnHash': '0xa6f63fcb6bec8818864d96a5b1bb19e8bd85ee37b2cc916412e720988440b2aa', 'txnHashDate': 1675353395000, 'chainId': 1}, {'txnHash': '0xfb153c572e304093023b4f9694ef39135b6ed5b2515453173e81ec02df2e2104', 'txnHashDate': 1675352420000, 'chainId': 56}]",https://twitter.com/BlockSecTeam/status/1621263393054420992,Reentrancy,2023-02-02 17:56:35,https://github.com/SunWeb3Sec/DeFiHackLabs?tab=readme-ov-file#20230203---orion-protocol---reentrancy,0
58,BonqDAO,120000000.000000,polygon,"[{'txnHash': '0xa02d0c3d16d6ee0e0b6a42c3cc91997c2b40c87d777136dedebe8ee0f47f32b1', 'txnHashDate': 1675276266000, 'chainId': 137}, {'txnHash': '0x31957ecc43774d19f54d9968e95c69c882468b46860f921668f2c55fadd51b19', 'txnHashDate': 1675276158000, 'chainId': 137}, {'txnHash': '0xd276b1ddff1bea52a8839c37976f4accb4751ca3f70092e66f88e53090452898', 'txnHashDate': 1675230087000, 'chainId': 137}]",https://twitter.com/BlockSecTeam/status/1621043757390123008,Flawed Price Dependency,2023-02-01 07:41:27,https://github.com/SunWeb3Sec/DeFiHackLabs?tab=readme-ov-file#20230202---bonqdao---price-oracle-manipulation,0
56,Midas Capital,650000.000000,polygon,"[{'txnHash': '0x0053490215baf541362fc78be0de98e3147f40223238d5b12512b3e26c0a2c2f', 'txnHashDate': 1673804617000, 'chainId': 137}]",https://twitter.com/BlockSecTeam/status/1614864084956254209,Flawed Price Dependency,2023-01-15 19:43:37,https://github.com/SunWeb3Sec/DeFiHackLabs?tab=readme-ov-file#20230116---midascapital---read-only-reentrancy,0
53,BRA Token,224000.000000,binance,"[{'txnHash': '0x4e5b2efa90c62f2b62925ebd7c10c953dc73c710ef06695eac3f36fe0f6b9348', 'txnHashDate': 1673326802000, 'chainId': 56}, {'txnHash': '0x6759db55a4edec4f6bedb5691fc42cf024be3a1a534ddcc7edd471ef205d4047', 'txnHashDate': 1673325640000, 'chainId': 56}]",https://twitter.com/BlockSecTeam/status/1612701106982862849,Business Logic Flaw,2023-01-10 07:00:02,https://github.com/SunWeb3Sec/DeFiHackLabs?tab=readme-ov-file#20230110---bra---business-logic-flaw,0
52,GDS Token,180000.000000,binance,"[{'txnHash': '0x2bb704e0d158594f7373ec6e53dc9da6c6639f269207da8dab883fc3b5bf6694', 'txnHashDate': 1672705274000, 'chainId': 56}]",https://twitter.com/BlockSecTeam/status/1610167174978760704,Business Logic Flaw,2023-01-03 02:21:14,https://github.com/SunWeb3Sec/DeFiHackLabs?tab=readme-ov-file#20230103---gds---business-logic-flaw,0
