id,project_name,title,description,name_categories,token_name,proof_archive_link,technical_issue,token_address,token_addresses,logo_link,date,scam_updates,proof_link,website_link,webarchive_link,twitter_link,telegram_link,our_post_link,funds_lost,funds_returned,funds_by_chains,funds_recovered,active,git_hub,git_hub_contract_link,discord,bug_bounty_program_link,bug_bounty_program_company,audit_code_conf,is_verified_source_code,is_public_team,scam_type,network,scamNetworks,auditedBy
421,FLUFFYSHIBA,FLUFFYSHIBA,"<p>A review of the token contract shows low network activity, which didn't lead to significant funds loss for the user in the past. The project is considered abandoned.</p><p><br></p>",Token,FS,,,0x105885f78b9e5d7943d3fafbe94ed5311ed02c65,[],safe/files/scamDatabase/logo/60e8279906cf1.png,,[],"https://twitter.com/Token_Sniffer/status/1380219360631906307, https://cryptot3ddybear.gitlab.io/blog/posts/scam-explained-bsc-noapproval/",,,,,,0,0,[],,1,,,,,,,,,"{'id': 10, 'type': 'Rugpull'}",{},"[{'networks_id': 56, 'scam_database_id': 421, 'networks': {'id': 56, 'name': 'Binance', 'icon_link': 'safe/files/network/bsc.png'}}]",[]
420,TravelCake,TravelCake,"<p>A review of the token contract shows low network activity, which didn't lead to significant funds loss for the user in the past. The project is considered abandoned.</p><p><br></p>",Token,TVL,,,0x5c58ac3be5ac6c4643bcf8c14c6e4df789ba5672,[],safe/files/scamDatabase/logo/60e8272111de3.png,,[],https://tokensniffer.com/exploit/Reported%20by%20user(s),,,,,,0,0,[],,1,,,,,,,,,"{'id': 10, 'type': 'Rugpull'}",{},"[{'networks_id': 56, 'scam_database_id': 420, 'networks': {'id': 56, 'name': 'Binance', 'icon_link': 'safe/files/network/bsc.png'}}]",[]
419,Jejudoge V2,Jejudoge V2,"<p>A review of the token contract shows low network activity, which didn't lead to significant funds loss for the user in the past. The project is considered abandoned.</p><p><br></p>",Token,JEJUDOGEv2,,,0xe6a739e8dc3b2f81cae3f76bb7cf6ab62b127a76,[],safe/files/scamDatabase/logo/60e826cb7fb60.png,,[],https://twitter.com/Token_Sniffer/status/1374999601485291522,,,,,,0,0,[],,1,,,,,,,,,"{'id': 10, 'type': 'Rugpull'}",{},"[{'networks_id': 1, 'scam_database_id': 419, 'networks': {'id': 1, 'name': 'Ethereum', 'icon_link': 'safe/files/network/ethereum.png'}}]",[]
418,YUMMYSHIBA,YUMMYSHIBA,"<p>A review of the token contract shows low network activity, which didn't lead to significant funds loss for the user in the past. The project is considered abandoned.</p><p><br></p>",Token,YS,,,0x9dbc04d0c5f7b188880024c106e0c7e50ca5d110,[],safe/files/scamDatabase/logo/60e825af73e54.png,,[],"https://twitter.com/Token_Sniffer/status/1380219360631906307, https://cryptot3ddybear.gitlab.io/blog/posts/scam-explained-bsc-noapproval/",,,,,,0,0,[],,1,,,,,,,,,"{'id': 10, 'type': 'Rugpull'}",{},"[{'networks_id': 56, 'scam_database_id': 418, 'networks': {'id': 56, 'name': 'Binance', 'icon_link': 'safe/files/network/bsc.png'}}]",[]
417,Yfi.mobi,Yfi.mobi,,Token,YFIM,,,0x2e2f3246b6c65ccc4239c9ee556ec143a7e5de2c,[],safe/files/scamDatabase/logo/60e825aaf3680.png,,[],https://bitcointalk.org/index.php?topic=5276879.0,,,,,,0,0,[],,1,,,,,,,,,"{'id': 10, 'type': 'Rugpull'}",{},"[{'networks_id': 1, 'scam_database_id': 417, 'networks': {'id': 1, 'name': 'Ethereum', 'icon_link': 'safe/files/network/ethereum.png'}}]",[]
416,SHIBASWAP,SHIBASWAP,"<p>The contract owner could disable the transfer function, which restricted users in selling their tokens.</p>",Token,SHIBASWAP,,,0x2cbf9f57e764741e969df8e596fd10d50f5e800d,[],safe/files/scamDatabase/logo/60e8256cb0dce.png,,[],https://twitter.com/Token_Sniffer/status/1374999601485291522,,,,,,0,0,[],,1,,,,,,,,,"{'id': 7, 'type': 'Honeypot'}",{},"[{'networks_id': 1, 'scam_database_id': 416, 'networks': {'id': 1, 'name': 'Ethereum', 'icon_link': 'safe/files/network/ethereum.png'}}]",[]
415,Zombie Shiba,Zombie Shiba,"<p>A review of the token contract shows low network activity, which didn't lead to significant funds loss for the user in the past. The project is considered abandoned.</p><p><br></p>",Token,ZHIBA,,,0x675f6e3a0abe9014d7d1dbe0ae565b9256b45303,[],safe/files/scamDatabase/logo/60e8253e0f480.png,,[],https://twitter.com/Token_Sniffer/status/1374999601485291522,,,,,,0,0,[],,1,,,,,,,,,"{'id': 10, 'type': 'Rugpull'}",{},"[{'networks_id': 1, 'scam_database_id': 415, 'networks': {'id': 1, 'name': 'Ethereum', 'icon_link': 'safe/files/network/ethereum.png'}}]",[]
414,AL PACINU,AL PACINU,"<p>A review of the token contract shows low network activity, which didn't lead to significant funds loss for the user in the past. The project is considered abandoned.</p><p><br></p>",Token,PACINU,,,0x5551a1db922b90bffb881241ef6c681fc9bdfb2b,[],safe/files/scamDatabase/logo/60e824e20eee0.png,,[],https://twitter.com/Token_Sniffer/status/1374999601485291522,,,,,,0,0,[],,1,,,,,,,,,"{'id': 10, 'type': 'Rugpull'}",{},"[{'networks_id': 1, 'scam_database_id': 414, 'networks': {'id': 1, 'name': 'Ethereum', 'icon_link': 'safe/files/network/ethereum.png'}}]",[]
413,PolySnow,PolySnow,"<p>A review of the token contract shows low network activity, which didn't lead to significant funds loss for the user in the past. The project is considered abandoned.</p><p><br></p>",Token,POLYSNOW,,,0x353532ad76ae89afa794258be6e218e964282c11,[],safe/files/scamDatabase/logo/60e8249b7b93f.png,,[],https://tokensniffer.com/exploit/Reported%20by%20user(s),,,,,,0,0,[],,1,,,,,,,,,"{'id': 10, 'type': 'Rugpull'}",{},"[{'networks_id': 137, 'scam_database_id': 413, 'networks': {'id': 137, 'name': 'Polygon', 'icon_link': 'safe/files/network/polygon.png'}}]",[]
412,JamTruAdr4,JamTruAdr4,"<p>A review of the token contract shows low network activity, which didn't lead to significant funds loss for the user in the past. The project is considered abandoned.</p><p><br></p>",Token,JTA4,,,0x4911554b1a8f6dd555a1ad8cad95ffc861eaccbb,[],safe/files/scamDatabase/logo/60e82456f3075.png,,[],"https://twitter.com/Token_Sniffer/status/1381346761566916614, https://cryptot3ddybear.gitlab.io/blog/posts/scam-explained-bsc-stealthy-lp-block/",,,,,,0,0,[],,1,,,,,,,,,"{'id': 10, 'type': 'Rugpull'}",{},"[{'networks_id': 137, 'scam_database_id': 412, 'networks': {'id': 137, 'name': 'Polygon', 'icon_link': 'safe/files/network/polygon.png'}}]",[]
411,JamTruAdr2,JamTruAdr2,"<p>A review of the token contract shows low network activity, which didn't lead to significant funds loss for the user in the past. The project is considered abandoned.</p><p><br></p>",Token,JTA2,,,0x96cf24bf5cfdf41d6aeee5d4b73d15fe986ecd8b,[],safe/files/scamDatabase/logo/60e822db722e2.png,,[],"https://twitter.com/Token_Sniffer/status/1381346761566916614, https://cryptot3ddybear.gitlab.io/blog/posts/scam-explained-bsc-stealthy-lp-block/",,,,,,0,0,[],,1,,,,,,,,,"{'id': 10, 'type': 'Rugpull'}",{},"[{'networks_id': 137, 'scam_database_id': 411, 'networks': {'id': 137, 'name': 'Polygon', 'icon_link': 'safe/files/network/polygon.png'}}]",[]
410,JamTruAdr3,JamTruAdr3,"<p>A review of the token contract shows low network activity, which didn't lead to significant funds loss for the user in the past. The project is considered abandoned.</p><p><br></p>",Token,JTA3,,,0xc09b3150424625311b8cb4b2b13732420e2ae701,[],safe/files/scamDatabase/logo/60e8227304f1c.png,,[],"https://twitter.com/Token_Sniffer/status/1381346761566916614, https://cryptot3ddybear.gitlab.io/blog/posts/scam-explained-bsc-stealthy-lp-block/",,,,,,0,0,[],,1,,,,,,,,,"{'id': 10, 'type': 'Rugpull'}",{},"[{'networks_id': 137, 'scam_database_id': 410, 'networks': {'id': 137, 'name': 'Polygon', 'icon_link': 'safe/files/network/polygon.png'}}]",[]
409,SALT,SALT,"<p data-f-id=""pbf"" style=""text-align: center; font-size: 14px; margin-top: 30px; opacity: 0.65; font-family: sans-serif;"">Powered by <a href=""https://www.froala.com/wysiwyg-editor?pb=1"" title=""Froala Editor"">Froala Editor</a></p>",Borrowing and Lending,SALT,,"<p data-f-id=""pbf"" style=""text-align: center; font-size: 14px; margin-top: 30px; opacity: 0.65; font-family: sans-serif;"">Powered by <a href=""https://www.froala.com/wysiwyg-editor?pb=1"" title=""Froala Editor"">Froala Editor</a></p>",0x4156d3342d5c385a87d264f90653733592000581,[],safe/files/scamDatabase/logo/60e822478edeb.png,,[],"https://github.com/The-Blockchain-Association/sec-notice-list,  https://www.sec.gov/spotlight/cybersecurity-enforcement-actions",,,,,,0,0,[],,1,,,,,,,,,"{'id': 10, 'type': 'Rugpull'}",{},"[{'networks_id': 1, 'scam_database_id': 409, 'networks': {'id': 1, 'name': 'Ethereum', 'icon_link': 'safe/files/network/ethereum.png'}}]",[]
408,JamTruAdr,JamTruAdr,"<p>A review of the token contract shows low network activity, which didn't lead to significant funds loss for the user in the past. The project is considered abandoned.</p><p><br></p>",Token,JTA,,,0xc20b743316e7701a281167213fb266aa7651d99d,[],safe/files/scamDatabase/logo/60e822386e9a7.png,,[],"https://twitter.com/Token_Sniffer/status/1381346761566916614, https://cryptot3ddybear.gitlab.io/blog/posts/scam-explained-bsc-stealthy-lp-block/",,,,,,0,0,[],,1,,,,,,,,,"{'id': 10, 'type': 'Rugpull'}",{},"[{'networks_id': 137, 'scam_database_id': 408, 'networks': {'id': 137, 'name': 'Polygon', 'icon_link': 'safe/files/network/polygon.png'}}]",[]
406,HoDooi,HoDooi,"<p>A review of the token contract shows low network activity, which didn't lead to significant funds loss for the user in the past. The project is considered abandoned.</p><p><br></p>",Token,HOD,,,0x6efa299eb78161aca289f97b5410b343cce38c05,[],safe/files/scamDatabase/logo/60e81e8cb0334.png,,[],https://twitter.com/Token_Sniffer/status/1374999601485291522,,,,,,0,0,[],,1,,,,,,,,,"{'id': 10, 'type': 'Rugpull'}",{},"[{'networks_id': 1, 'scam_database_id': 406, 'networks': {'id': 1, 'name': 'Ethereum', 'icon_link': 'safe/files/network/ethereum.png'}}]",[]
405,Yearn Prometheus,Yearn Prometheus,"<p>A review of the token contract shows low network activity, which didn't lead to significant funds loss for the user in the past. The project is considered abandoned.</p><p><br></p>",Yield Aggregator,PRM,,,0x528ff33bf5bf96b5392c10bc4748d9e9fb5386b2,[],safe/files/scamDatabase/logo/60e81e2e8d249.png,,[],https://twitter.com/Token_Sniffer/status/1374999601485291522,,,,,,0,0,[],,1,,,,,,,,,"{'id': 10, 'type': 'Rugpull'}",{},"[{'networks_id': 1, 'scam_database_id': 405, 'networks': {'id': 1, 'name': 'Ethereum', 'icon_link': 'safe/files/network/ethereum.png'}}]",[]
404,Goblin Town,Goblin Town,"<p>A review of the token contract shows low network activity, which didn't lead to significant funds loss for the user in the past. The project is considered abandoned.</p><p><br></p>",Token,GOBLIN,,,0xbb7f05aa2dd33425ea0848cda8e4ea54718c6336,[],safe/files/scamDatabase/logo/60e81e01a43d9.png,,[],https://twitter.com/Token_Sniffer/status/1374999601485291522,,,,,,0,0,[],,1,,,,,,,,,"{'id': 10, 'type': 'Rugpull'}",{},"[{'networks_id': 1, 'scam_database_id': 404, 'networks': {'id': 1, 'name': 'Ethereum', 'icon_link': 'safe/files/network/ethereum.png'}}]",[]
403,NOVASHIBA.COM,NOVASHIBA.COM,"<p>A review of the token contract shows low network activity, which didn't lead to significant funds loss for the user in the past. The project is considered abandoned.</p><p><br></p>",Exchange (DEX),NOVA,,,0x68ca1321bf1bf6b243f57c5edbee62304fd8cb30,[],safe/files/scamDatabase/logo/60e81d6e0d2f7.png,,[],https://twitter.com/Token_Sniffer/status/1374999601485291522,,,,,,0,0,[],,1,,,,,,,,,"{'id': 10, 'type': 'Rugpull'}",{},"[{'networks_id': 56, 'scam_database_id': 403, 'networks': {'id': 56, 'name': 'Binance', 'icon_link': 'safe/files/network/bsc.png'}}]",[]
402,Moonwalk,Moonwalk,"<p>A review of the token contract shows low network activity, which didn't lead to significant funds loss for the user in the past. The project is considered abandoned.</p><p><br></p>",Token,MOONWALK,,,0xe64f4a5c364a92ab62e27076907d55334609c8ad,[],safe/files/scamDatabase/logo/60e81cd6de4e0.png,,[],https://twitter.com/Token_Sniffer/status/1374999601485291522,,,,,,0,0,[],,1,,,,,,,,,"{'id': 10, 'type': 'Rugpull'}",{},"[{'networks_id': 56, 'scam_database_id': 402, 'networks': {'id': 56, 'name': 'Binance', 'icon_link': 'safe/files/network/bsc.png'}}]",[]
401,Nabox,Nabox,"<p>A review of the token contract shows low network activity, which didn't lead to significant funds loss for the user in the past. The project is considered abandoned.</p><p><br></p>",Token,Nabox,,,0x4f75869a06535161515df34b84960f58c5c41da1,[],safe/files/scamDatabase/logo/60e819c261643.png,,[],"https://twitter.com/Token_Sniffer/status/1381346761566916614, https://cryptot3ddybear.gitlab.io/blog/posts/scam-explained-bsc-stealthy-lp-block/",,,,,,0,0,[],,1,,,,,,,,,"{'id': 10, 'type': 'Rugpull'}",{},"[{'networks_id': 56, 'scam_database_id': 401, 'networks': {'id': 56, 'name': 'Binance', 'icon_link': 'safe/files/network/bsc.png'}}]",[]
400,Fuck Thanos,Fuck Thanos,"<p>A review of the token contract shows low network activity, which didn't lead to significant funds loss for the user in the past. The project is considered abandoned.</p><p><br></p>",Token,$FTHANOS,,,0x3e3c02ab542463b9c7a990ae2b5cea40175b233d,[],safe/files/scamDatabase/logo/60e8198c25027.png,,[],"https://twitter.com/Token_Sniffer/status/1381346761566916614, https://cryptot3ddybear.gitlab.io/blog/posts/scam-explained-bsc-stealthy-lp-block/",,,,,,0,0,[],,1,,,,,,,,,"{'id': 10, 'type': 'Rugpull'}",{},"[{'networks_id': 1, 'scam_database_id': 400, 'networks': {'id': 1, 'name': 'Ethereum', 'icon_link': 'safe/files/network/ethereum.png'}}]",[]
399,SpaceX Token,SpaceX Token,"<p>The contract owner could disable the transfer function, which restricted users in selling their tokens.</p>",Token,SpaceXToken,,,0x3076e9d22d44d12950f6c1f3a33c530b2fa1d58f,[],safe/files/scamDatabase/logo/60e8193c13d70.png,2021-6-14,[],"https://twitter.com/Token_Sniffer/status/1381346761566916614, https://cryptot3ddybear.gitlab.io/blog/posts/scam-explained-bsc-stealthy-lp-block/",,,,,,0,0,[],,1,,,,,,,,,"{'id': 7, 'type': 'Honeypot'}",{},"[{'networks_id': 56, 'scam_database_id': 399, 'networks': {'id': 56, 'name': 'Binance', 'icon_link': 'safe/files/network/bsc.png'}}]",[]
397,Data Transaction Token,Data Transaction Token,"<p data-f-id=""pbf"" style=""text-align: center; font-size: 14px; margin-top: 30px; opacity: 0.65; font-family: sans-serif;"">Powered by <a href=""https://www.froala.com/wysiwyg-editor?pb=1"" title=""Froala Editor"">Froala Editor</a></p>",Token,XD,,"<p data-f-id=""pbf"" style=""text-align: center; font-size: 14px; margin-top: 30px; opacity: 0.65; font-family: sans-serif;"">Powered by <a href=""https://www.froala.com/wysiwyg-editor?pb=1"" title=""Froala Editor"">Froala Editor</a></p>",0x24dcc881e7dd730546834452f21872d5cb4b5293,[],safe/files/scamDatabase/logo/60e81858eae7e.png,,[],"https://github.com/The-Blockchain-Association/sec-notice-list,  https://www.sec.gov/spotlight/cybersecurity-enforcement-actions",,,,,,0,0,[],,1,,,,,,,,,"{'id': 10, 'type': 'Rugpull'}",{},"[{'networks_id': 1, 'scam_database_id': 397, 'networks': {'id': 1, 'name': 'Ethereum', 'icon_link': 'safe/files/network/ethereum.png'}}]",[]
396,RocketShiba,RocketShiba,"<p>The contract owner could disable the transfer function, which restricted users in selling their tokens.</p>",Token,RKS,,,0x5ac759aa97283d70cab7fd300231d103b814ea34,[],safe/files/scamDatabase/logo/60e817cb92f88.png,,[],https://twitter.com/Token_Sniffer/status/1374999601485291522,,,,,,0,0,[],,1,,,,,,,,,"{'id': 7, 'type': 'Honeypot'}",{},"[{'networks_id': 56, 'scam_database_id': 396, 'networks': {'id': 56, 'name': 'Binance', 'icon_link': 'safe/files/network/bsc.png'}}]",[]
395,Little Mouse,Little Mouse,"<p>A review of the token contract shows low network activity, which didn't lead to significant funds loss for the user in the past. The project is considered abandoned.</p><p><br></p>",Token,MOUSE,,,0xade2847d2d865f6c12861de73c372726a19654d7,[],safe/files/scamDatabase/logo/60e816ec4958e.png,,[],https://bscscan.com/token/0xade2847d2d865f6c12861de73c372726a19654d7#comments,,,,,,0,0,[],,1,,,,,,,,,"{'id': 10, 'type': 'Rugpull'}",{},"[{'networks_id': 56, 'scam_database_id': 395, 'networks': {'id': 56, 'name': 'Binance', 'icon_link': 'safe/files/network/bsc.png'}}]",[]
394,Unikoin Gold,Unikoin Gold,"<p data-f-id=""pbf"" style=""text-align: center; font-size: 14px; margin-top: 30px; opacity: 0.65; font-family: sans-serif;"">Powered by <a href=""https://www.froala.com/wysiwyg-editor?pb=1"" title=""Froala Editor"">Froala Editor</a></p>",Gaming / Metaverse,UKG,,"<p data-f-id=""pbf"" style=""text-align: center; font-size: 14px; margin-top: 30px; opacity: 0.65; font-family: sans-serif;"">Powered by <a href=""https://www.froala.com/wysiwyg-editor?pb=1"" title=""Froala Editor"">Froala Editor</a></p>",0x24692791bc444c5cd0b81e3cbcaba4b04acd1f3b,[],safe/files/scamDatabase/logo/60e8169d656d6.png,,[],"https://github.com/The-Blockchain-Association/sec-notice-list, https://www.sec.gov/spotlight/cybersecurity-enforcement-actions",,,,,,0,0,[],,1,,,,,,,,,"{'id': 10, 'type': 'Rugpull'}",{},"[{'networks_id': 1, 'scam_database_id': 394, 'networks': {'id': 1, 'name': 'Ethereum', 'icon_link': 'safe/files/network/ethereum.png'}}]",[]
393,Tierion,Tierion,,Token,TNT,,,0x08f5a9235b08173b7569f83645d2c7fb55e8ccd8,[],safe/files/scamDatabase/logo/60e81650878dc.png,,[],"https://github.com/The-Blockchain-Association/sec-notice-list, https://www.sec.gov/spotlight/cybersecurity-enforcement-actions",,,,,,0,0,[],,1,,,,,,,,,"{'id': 10, 'type': 'Rugpull'}",{},"[{'networks_id': 1, 'scam_database_id': 393, 'networks': {'id': 1, 'name': 'Ethereum', 'icon_link': 'safe/files/network/ethereum.png'}}]",[]
391,Uranus Token,Uranus Token,"<p>A review of the token contract shows low network activity, which didn't lead to significant funds loss for the user in the past. The project is considered abandoned.</p><p><br></p>",Token,URANUS,,,0x68b48e978fb4748b9d67f520db1df2e9cbd437ab,[],safe/files/scamDatabase/logo/60e81179dbf74.png,,[],https://twitter.com/Token_Sniffer/status/1374999601485291522,,,,,,0,0,[],,1,,,,,,,,,"{'id': 10, 'type': 'Rugpull'}",{},"[{'networks_id': 1, 'scam_database_id': 391, 'networks': {'id': 1, 'name': 'Ethereum', 'icon_link': 'safe/files/network/ethereum.png'}}]",[]
390,Karura,Karura,"<p>A review of the token contract shows low network activity, which didn't lead to significant funds loss for the user in the past. The project is considered abandoned.</p><p><br></p>",Exchange (DEX),KAR,,,0x74fe7ecc0a5131a4a980d6b12667184954b4c752,[],safe/files/scamDatabase/logo/60e811138d679.png,,[],"https://twitter.com/Token_Sniffer/status/1381346761566916614, https://cryptot3ddybear.gitlab.io/blog/posts/scam-explained-bsc-stealthy-lp-block/",,,,,,0,0,[],,1,,,,,,,,,"{'id': 10, 'type': 'Rugpull'}",{},"[{'networks_id': 56, 'scam_database_id': 390, 'networks': {'id': 56, 'name': 'Binance', 'icon_link': 'safe/files/network/bsc.png'}}]",[]
389,Virus,Virus,"<p>A review of the token contract shows low network activity, which didn't lead to significant funds loss for the user in the past. The project is considered abandoned.</p><p><br></p>",Token,VIRUS,,,0x980287db1cffb546fb2911a2e920336d76bd404b,[],safe/files/scamDatabase/logo/60e6fddd514f0.png,,[],https://twitter.com/Token_Sniffer/status/1401245620908609536,,,,,,0,0,[],,1,,,,,,,,,"{'id': 10, 'type': 'Rugpull'}",{},"[{'networks_id': 56, 'scam_database_id': 389, 'networks': {'id': 56, 'name': 'Binance', 'icon_link': 'safe/files/network/bsc.png'}}]",[]
388,DTP,DTP,"<p>A review of the token contract shows low network activity, which didn't lead to significant funds loss for the user in the past. The project is considered abandoned.</p><p><br></p>",Token,DTP,,,0x025d5f67d58c9ed14503edffa3ec3578af615854,[],safe/files/scamDatabase/logo/60e6fda9ebc03.png,,[],https://twitter.com/Token_Sniffer/status/1373698524961906691,,,,,,0,0,[],,1,,,,,,,,,"{'id': 10, 'type': 'Rugpull'}",{},"[{'networks_id': 56, 'scam_database_id': 388, 'networks': {'id': 56, 'name': 'Binance', 'icon_link': 'safe/files/network/bsc.png'}}]",[]
387,SmartChainScan,SmartChainScan,"<p>A review of the token contract shows low network activity, which didn't lead to significant funds loss for the user in the past. The project is considered abandoned.</p><p><br></p>",Other,SCST,,,0xf6d0ed593711234bc8fd91904d4976bf21314094,[],safe/files/scamDatabase/logo/60e6fd6ec208b.png,,[],https://tokensniffer.com/exploit/Reported%20by%20user(s),,,,,,0,0,[],,1,,,,,,,,,"{'id': 10, 'type': 'Rugpull'}",{},"[{'networks_id': 56, 'scam_database_id': 387, 'networks': {'id': 56, 'name': 'Binance', 'icon_link': 'safe/files/network/bsc.png'}}]",[]
386,Gigachad Kishu,Gigachad Kishu,"<p>The contract owner could disable the transfer function, which restricted users in selling their tokens.</p>",Token,GISHU,,,0xd92a608a2b8e6c14eb0b2fabca7101bbd420881d,[],safe/files/scamDatabase/logo/60e6fd411e8d1.png,2021-6-15,[],https://twitter.com/Token_Sniffer/status/1374999601485291522,,,,,,0,0,[],,1,,,,,,,,,"{'id': 7, 'type': 'Honeypot'}",{},"[{'networks_id': 1, 'scam_database_id': 386, 'networks': {'id': 1, 'name': 'Ethereum', 'icon_link': 'safe/files/network/ethereum.png'}}]",[]
385,CoinCoin,CoinCoin,"<p>A review of the token contract shows low network activity, which didn't lead to significant funds loss for the user in the past. The project is considered abandoned.</p><p><br></p>",Token,CC,,,0x91d160e312801b9ff13b220516a8f510bad7d10f,[],safe/files/scamDatabase/logo/60e6fd10a8e4a.png,,[],https://twitter.com/Token_Sniffer/status/1390015526294810624,,,,,,0,0,[],,1,,,,,,,,,"{'id': 10, 'type': 'Rugpull'}",{},"[{'networks_id': 56, 'scam_database_id': 385, 'networks': {'id': 56, 'name': 'Binance', 'icon_link': 'safe/files/network/bsc.png'}}]",[]
384,ICONFoundation,ICONFoundation,"<p>A review of the token contract shows low network activity, which didn't lead to significant funds loss for the user in the past. The project is considered abandoned.</p><p><br></p>",Other,ICON,,,0x05d84a869e14d538f8a70a0c79848f10d2f76542,[],safe/files/scamDatabase/logo/60e6fcb815968.png,,[],"https://twitter.com/Token_Sniffer/status/1381346761566916614, https://cryptot3ddybear.gitlab.io/blog/posts/scam-explained-bsc-stealthy-lp-block/",,,,,,0,0,[],,1,,,,,,,,,"{'id': 10, 'type': 'Rugpull'}",{},"[{'networks_id': 56, 'scam_database_id': 384, 'networks': {'id': 56, 'name': 'Binance', 'icon_link': 'safe/files/network/bsc.png'}}]",[]
383,Wealthfront,Wealthfront,"<p>A review of the token contract shows low network activity, which didn't lead to significant funds loss for the user in the past. The project is considered abandoned.</p><p><br></p>",Token,WF,,,0xa837efd4500966a45148073f57fa855205597612,[],safe/files/scamDatabase/logo/60e6fc8897730.png,,[],https://twitter.com/Token_Sniffer/status/1374999601485291522,,,,,,0,0,[],,1,,,,,,,,,"{'id': 10, 'type': 'Rugpull'}",{},"[{'networks_id': 1, 'scam_database_id': 383, 'networks': {'id': 1, 'name': 'Ethereum', 'icon_link': 'safe/files/network/ethereum.png'}}]",[]
382,ANT1GOON,ANT1GOON,"<p>A review of the token contract shows low network activity, which didn't lead to significant funds loss for the user in the past. The project is considered abandoned.</p><p><br></p>",Token,GOON,,,0x61db2fb090d890ea9fc09dd837fd47cf2f92ee26,[],safe/files/scamDatabase/logo/60e6fc52a3feb.png,,[],"https://twitter.com/Token_Sniffer/status/1381346761566916614, https://cryptot3ddybear.gitlab.io/blog/posts/scam-explained-bsc-stealthy-lp-block/",,,,,,0,0,[],,1,,,,,,,,,"{'id': 10, 'type': 'Rugpull'}",{},"[{'networks_id': 1, 'scam_database_id': 382, 'networks': {'id': 1, 'name': 'Ethereum', 'icon_link': 'safe/files/network/ethereum.png'}}]",[]
381,LordShiba,LordShiba,"<p>The contract owner could disable the transfer function, which restricted users in selling their tokens.<br><br></p>",Token,LSA,,,0x215477e469e4bba9148e9a7fa7bbed3d2ef9db07,[],safe/files/scamDatabase/logo/60e6fbeeb4802.png,2021-6-15,[],https://twitter.com/Token_Sniffer/status/1374999601485291522,,,,,,0,0,[],,1,,,,,,,,,"{'id': 7, 'type': 'Honeypot'}",{},"[{'networks_id': 56, 'scam_database_id': 381, 'networks': {'id': 56, 'name': 'Binance', 'icon_link': 'safe/files/network/bsc.png'}}]",[]
380,Instadapp,Instadapp,"<p>The contract owner could disable the transfer function, which restricted users in selling their tokens.<br><br></p>",Token,INST,,,0x7b1385e62febf72dc17e2c5804605d476ad404ff,[],safe/files/scamDatabase/logo/60e6fb70a7873.png,2021-6-15,[],https://twitter.com/Token_Sniffer/status/1374999601485291522,,,,,,0,0,[],,1,,,,,,,,,"{'id': 7, 'type': 'Honeypot'}",{},"[{'networks_id': 1, 'scam_database_id': 380, 'networks': {'id': 1, 'name': 'Ethereum', 'icon_link': 'safe/files/network/ethereum.png'}}]",[]
379,ISTARDUST,ISTARDUST,"<p>The contract owner could disable the transfer function, which restricted users in selling their tokens.<br><br></p>",Token,ISTAR,,,0xf56c661fa042739469d27ff0a12f765b751842ff,[],safe/files/scamDatabase/logo/60e6fb3c70a14.png,,[],https://twitter.com/Token_Sniffer/status/1382886019419103233,,,,,,0,0,[],,1,,,,,,,,,"{'id': 7, 'type': 'Honeypot'}",{},"[{'networks_id': 1, 'scam_database_id': 379, 'networks': {'id': 1, 'name': 'Ethereum', 'icon_link': 'safe/files/network/ethereum.png'}}]",[]
378,DOGEMASK,DOGEMASK,"<p>The contract owner could disable the transfer function, which restricted users in selling their tokens.<br><br></p>",Token,DOGEMASK,,,0x544c2c5a6ffae3606a0a6413f02c3a033bad9c20,[],safe/files/scamDatabase/logo/60e6fb08ad612.png,2021-6-15,[],https://tokensniffer.com/exploit/Reported%20by%20user(s),,,,,,0,0,[],,1,,,,,,,,,"{'id': 7, 'type': 'Honeypot'}",{},"[{'networks_id': 56, 'scam_database_id': 378, 'networks': {'id': 56, 'name': 'Binance', 'icon_link': 'safe/files/network/bsc.png'}}]",[]
377,EverLife,EverLife,"<p>The contract owner could disable the transfer function, which restricted users in selling their tokens.</p>",Token,Life,,,0xd70f3c0a77eff70a248d1291ab41964e3029cac2,[],safe/files/scamDatabase/logo/60e6fad1f290f.png,,[],"https://twitter.com/Token_Sniffer/status/1381346761566916614, https://cryptot3ddybear.gitlab.io/blog/posts/scam-explained-bsc-stealthy-lp-block/",,,,,,0,0,[],,1,,,,,,,,,"{'id': 7, 'type': 'Honeypot'}",{},"[{'networks_id': 56, 'scam_database_id': 377, 'networks': {'id': 56, 'name': 'Binance', 'icon_link': 'safe/files/network/bsc.png'}}]",[]
375,ICOS,ICOS,,Token,ICOS,,,0x014b50466590340d41307cc54dcee990c8d58aa8,[],safe/files/scamDatabase/logo/60e6f21e01517.png,,[],"https://github.com/The-Blockchain-Association/sec-notice-list, https://www.sec.gov/spotlight/cybersecurity-enforcement-actions",,,,,,0,0,[],,1,,,,,,,,,"{'id': 19, 'type': 'Other'}",{},"[{'networks_id': 1, 'scam_database_id': 375, 'networks': {'id': 1, 'name': 'Ethereum', 'icon_link': 'safe/files/network/ethereum.png'}}]",[]
374,FLiK,FLiK,,Token,FLIK,,,0x17fd666fa0784885fa1afec8ac624d9b7e72b752,[],safe/files/scamDatabase/logo/60e6f1aed9ffb.png,,[],"https://github.com/The-Blockchain-Association/sec-notice-list, https://www.sec.gov/spotlight/cybersecurity-enforcement-actions",,,,,,0,0,[],,1,,,,,,,,,"{'id': 19, 'type': 'Other'}",{},"[{'networks_id': 1, 'scam_database_id': 374, 'networks': {'id': 1, 'name': 'Ethereum', 'icon_link': 'safe/files/network/ethereum.png'}}]",[]
373,Oyster,Oyster,,Token,PRL,,,0x1844b21593262668b7248d0f57a220caaba46ab9,[],safe/files/scamDatabase/logo/60e6e9afd3004.png,,[],"https://github.com/The-Blockchain-Association/sec-notice-list, https://www.sec.gov/spotlight/cybersecurity-enforcement-actions",,,,,,0,0,[],,1,,,,,,,,,"{'id': 19, 'type': 'Other'}",{},"[{'networks_id': 1, 'scam_database_id': 373, 'networks': {'id': 1, 'name': 'Ethereum', 'icon_link': 'safe/files/network/ethereum.png'}}]",[]
371,AstroDoge,AstroDoge,"<p>The contract owner could disable the transfer function, which restricted users in selling their tokens.</p>",Token,ADG,,,0x149f3615a93b000eb8c8c34fc3a7a013cb673937,[],safe/files/scamDatabase/logo/60e6e70bd047d.png,2021-6-16,[],https://twitter.com/Token_Sniffer/status/1374999601485291522,,,,,,0,0,[],,1,,,,,,,,,"{'id': 7, 'type': 'Honeypot'}",{},"[{'networks_id': 56, 'scam_database_id': 371, 'networks': {'id': 56, 'name': 'Binance', 'icon_link': 'safe/files/network/bsc.png'}}]",[]
370,DRAGON INU,DRAGON INU,"<p>The contract owner could disable the transfer function, which restricted users in selling their tokens.<br><br></p>",Token,DRAGON INU,,,0x6b5d65dc89f0e0c1ba21f31bdfad5f526df47acb,[],safe/files/scamDatabase/logo/60e6e6ca34c17.png,2021-6-16,[],https://twitter.com/Token_Sniffer/status/1390015526294810624,,,,,,0,0,[],,1,,,,,,,,,"{'id': 7, 'type': 'Honeypot'}",{},"[{'networks_id': 56, 'scam_database_id': 370, 'networks': {'id': 56, 'name': 'Binance', 'icon_link': 'safe/files/network/bsc.png'}}]",[]
369,GoldenShiba,GoldenShiba,"<p>The contract owner could disable the transfer function, which restricted users in selling their tokens.</p>",Token,GSA,,,0x7b4bbb75f063f3d8d3c035a7406ad0669c2716c9,[],safe/files/scamDatabase/logo/60e6e665a9083.png,,[],https://twitter.com/Token_Sniffer/status/1374999601485291522,,,,,,0,0,[],,1,,,,,,,,,"{'id': 7, 'type': 'Honeypot'}",{},"[{'networks_id': 56, 'scam_database_id': 369, 'networks': {'id': 56, 'name': 'Binance', 'icon_link': 'safe/files/network/bsc.png'}}]",[]
368,MoonMiner,MoonMiner,"<p>The contract owner could disable the transfer function, which restricted users in selling their tokens.<br><br></p>",Token,MoonMiner,,,0x2e1071ca0e4074fe696e172be2986fec3bfb1912,[],safe/files/scamDatabase/logo/60e6e605879a1.png,,[],https://twitter.com/Token_Sniffer/status/1401245620908609536,,,,,,0,0,[],,1,,,,,,,,,"{'id': 7, 'type': 'Honeypot'}",{},"[{'networks_id': 56, 'scam_database_id': 368, 'networks': {'id': 56, 'name': 'Binance', 'icon_link': 'safe/files/network/bsc.png'}}]",[]
367,CatRocket,CatRocket,"<p>The contract owner could disable the transfer function, which restricted users in selling their tokens.<br><br></p>",Token,CROCKET,,,0x13286df67bdab5e8d491bda57205199b398c7b06,[],safe/files/scamDatabase/logo/60e6e5d35024b.png,,[],"https://twitter.com/Token_Sniffer/status/1381346761566916614, https://cryptot3ddybear.gitlab.io/blog/posts/scam-explained-bsc-stealthy-lp-block/",,,,,,0,0,[],,1,,,,,,,,,"{'id': 7, 'type': 'Honeypot'}",{},"[{'networks_id': 1, 'scam_database_id': 367, 'networks': {'id': 1, 'name': 'Ethereum', 'icon_link': 'safe/files/network/ethereum.png'}}]",[]
366,CosmoKitty,CosmoKitty,"<p>The contract owner could disable the transfer function, which restricted users in selling their tokens.<br><br></p>",Token,COSMO,,,0xfb10320dc9c6a2adbbd1e4ba03926aa3dc7b5227,[],safe/files/scamDatabase/logo/60e6e58a3b911.png,2021-6-17,[],https://bscscan.com/token/0xfb10320dc9c6a2adbbd1e4ba03926aa3dc7b5227#comments,,,,,,0,0,[],,1,,,,,,,,,"{'id': 7, 'type': 'Honeypot'}",{},"[{'networks_id': 56, 'scam_database_id': 366, 'networks': {'id': 56, 'name': 'Binance', 'icon_link': 'safe/files/network/bsc.png'}}]",[]
365,Binance-Peg Polygon,Binance-Peg Polygon,"<p>The contract owner could disable the transfer function, which restricted users in selling their tokens.</p>",Token,MATIC,,,0xbf503323ed671fd7347261740a1f83d37bfa09a9,[],safe/files/scamDatabase/logo/60e6e54e75095.png,2021-9-7,[],"https://twitter.com/Token_Sniffer/status/1381346761566916614, https://cryptot3ddybear.gitlab.io/blog/posts/scam-explained-bsc-stealthy-lp-block/",,,,,,0,0,[],,1,,,,,,,,,"{'id': 7, 'type': 'Honeypot'}",{},"[{'networks_id': 56, 'scam_database_id': 365, 'networks': {'id': 56, 'name': 'Binance', 'icon_link': 'safe/files/network/bsc.png'}}]",[]
363,BitSpawn Token,BitSpawn Token,"<p>The contract owner could disable the transfer function, which restricted users in selling their tokens.<br><br></p>",Token,SPWN,,,0x681a0855ca1755df7d27bb931fb03a8f942d7425,[],safe/files/scamDatabase/logo/60e6e3ec7724d.png,2021-6-17,[],https://twitter.com/Token_Sniffer/status/1374999601485291522,,,,,,0,0,[],,1,,,,,,,,,"{'id': 7, 'type': 'Honeypot'}",{},"[{'networks_id': 1, 'scam_database_id': 363, 'networks': {'id': 1, 'name': 'Ethereum', 'icon_link': 'safe/files/network/ethereum.png'}}]",[]
362,Defi Land,Defi Land,"<p>The contract owner could disable the transfer function, which restricted users in selling their tokens.<br><br></p>",Borrowing and Lending,DFL,,,0xdd4164fc65eeed67fc547e01324a4076b0776980,[],safe/files/scamDatabase/logo/60e6e3112beb4.png,2021-6-17,[],https://twitter.com/Token_Sniffer/status/1374999601485291522,,,,,,0,0,[],,1,,,,,,,,,"{'id': 7, 'type': 'Honeypot'}",{},"[{'networks_id': 1, 'scam_database_id': 362, 'networks': {'id': 1, 'name': 'Ethereum', 'icon_link': 'safe/files/network/ethereum.png'}}]",[]
361,Human Protocol,Human Protocol,"<p>The contract owner could disable the transfer function, which restricted users in selling their tokens.</p>",Token,Hhuman,,,0x220709928cfc90a1214b6d130f31ee7becb78951,[],safe/files/scamDatabase/logo/60e6e2e0d0787.png,2021-6-17,[],"https://twitter.com/Token_Sniffer/status/1381346761566916614, https://cryptot3ddybear.gitlab.io/blog/posts/scam-explained-bsc-stealthy-lp-block/",,,,,,0,0,[],,1,,,,,,,,,"{'id': 7, 'type': 'Honeypot'}",{},"[{'networks_id': 56, 'scam_database_id': 361, 'networks': {'id': 56, 'name': 'Binance', 'icon_link': 'safe/files/network/bsc.png'}}]",[]
360,GoldenDoge,GoldenDoge,"<p>The contract owner could disable the transfer function, which restricted users in selling their tokens.</p>",Token,GOD,,,0x28dcf6e28f629a70912c18f38b3028200821add5,[],safe/files/scamDatabase/logo/60e6de1fbafe7.png,,[],https://twitter.com/Token_Sniffer/status/1374999601485291522,,,,,,0,0,[],,1,,,,,,,,,"{'id': 7, 'type': 'Honeypot'}",{},"[{'networks_id': 56, 'scam_database_id': 360, 'networks': {'id': 56, 'name': 'Binance', 'icon_link': 'safe/files/network/bsc.png'}}]",[]
359,Saiba Neko,Saiba Neko,"<p>The contract owner could disable the transfer function, which restricted users in selling their tokens.<br><br></p>",Token,SAIBA,,,0x0ef983e02f9a5c0bff79062c26289283ea7e6d24,[],safe/files/scamDatabase/logo/60e6ddea6636c.png,2021-6-17,[],"https://twitter.com/Token_Sniffer/status/1381346761566916614, https://cryptot3ddybear.gitlab.io/blog/posts/scam-explained-bsc-stealthy-lp-block/",,,,,,0,0,[],,1,,,,,,,,,"{'id': 7, 'type': 'Honeypot'}",{},"[{'networks_id': 56, 'scam_database_id': 359, 'networks': {'id': 56, 'name': 'Binance', 'icon_link': 'safe/files/network/bsc.png'}}]",[]
358,BitClave,BitClave,,Yield Aggregator,CAT,,,0x1234567461d3f8db7496581774bd869c83d51c93,[],safe/files/scamDatabase/logo/60e6ddab02f6a.png,,[],"https://github.com/The-Blockchain-Association/sec-notice-list, https://www.sec.gov/spotlight/cybersecurity-enforcement-actions",,,,,,0,0,[],,1,,,,,,,,,"{'id': 19, 'type': 'Other'}",{},"[{'networks_id': 1, 'scam_database_id': 358, 'networks': {'id': 1, 'name': 'Ethereum', 'icon_link': 'safe/files/network/ethereum.png'}}]",[]
357,Neptun,Neptun,"<p>The contract owner could disable the transfer function, which restricted users in selling their tokens.<br><br></p>",Token,NEPTUN,,,0xcb0d8d81ab049df05f3feaf2a803ffb6d274a53b,[],safe/files/scamDatabase/logo/60e6dda74b457.png,,[],"https://twitter.com/Token_Sniffer/status/1401245620908609536, https://bscscan.com/token/0xcB0d8d81AB049DF05f3FEAf2a803ffB6d274a53b#comments",,,,,,0,0,[],,1,,,,,,,,,"{'id': 7, 'type': 'Honeypot'}",{},"[{'networks_id': 56, 'scam_database_id': 357, 'networks': {'id': 56, 'name': 'Binance', 'icon_link': 'safe/files/network/bsc.png'}}]",[]
356,Hex-Mex,Hex-Mex,"<p>The contract owner could disable the transfer function, which restricted users in selling their tokens.<br><br></p>",Exchange (DEX),MEX,,,0x53f86430948d27702d73acc112b2c73ac5c01dde,[],safe/files/scamDatabase/logo/60e6dd5cda794.png,2021-6-18,[],https://twitter.com/Token_Sniffer/status/1374999601485291522,,,,,,0,0,[],,1,,,,,,,,,"{'id': 7, 'type': 'Honeypot'}",{},"[{'networks_id': 1, 'scam_database_id': 356, 'networks': {'id': 1, 'name': 'Ethereum', 'icon_link': 'safe/files/network/ethereum.png'}}]",[]
355,plex,plex,"<p>The contract owner could disable the transfer function, which restricted users in selling their tokens.<br><br></p>",Token,PLEX,,,0x502186974059626435a8d544d8226cf7bb524192,[],safe/files/scamDatabase/logo/60e6dd2c5d305.png,2021-6-18,[],"https://twitter.com/Token_Sniffer/status/1380219360631906307, https://cryptot3ddybear.gitlab.io/blog/posts/scam-explained-bsc-noapproval/",,,,,,0,0,[],,1,,,,,,,,,"{'id': 7, 'type': 'Honeypot'}",{},"[{'networks_id': 1, 'scam_database_id': 355, 'networks': {'id': 1, 'name': 'Ethereum', 'icon_link': 'safe/files/network/ethereum.png'}}]",[]
354,ZUMBA MARS,ZUMBA MARS,"<p>The contract owner could disable the transfer function, which restricted users in selling their tokens.<br><br></p>",Token,ZUMBAMARS,,,0xaacb1b205345a7b99228dfdc3a7d321b51ca95c0,[],safe/files/scamDatabase/logo/60e6dcf67f438.png,2021-6-18,[],https://tokensniffer.com/exploit/Reported%20by%20user(s),,,,,,0,0,[],,1,,,,,,,,,"{'id': 7, 'type': 'Honeypot'}",{},"[{'networks_id': 56, 'scam_database_id': 354, 'networks': {'id': 56, 'name': 'Binance', 'icon_link': 'safe/files/network/bsc.png'}}]",[]
353,PolyTools,PolyTools,"<p>The contract owner could disable the transfer function, which restricted users in selling their tokens.<br><br></p>",Token,PTOOLS,,,0x82589d6afcbc17aa4aa7fe14d6bf2ff42fdcaca6,[],safe/files/scamDatabase/logo/60e6dcbed1501.png,,[],https://twitter.com/Token_Sniffer/status/1374999601485291522,,,,,,0,0,[],,1,,,,,,,,,"{'id': 7, 'type': 'Honeypot'}",{},"[{'networks_id': 137, 'scam_database_id': 353, 'networks': {'id': 137, 'name': 'Polygon', 'icon_link': 'safe/files/network/polygon.png'}}]",[]
352,WD,WD,"<p>The contract owner could disable the transfer function, which restricted users in selling their tokens.<br><br></p>",Token,Watermelon Dip,,,0x56e8bc8ff4de4fc187b052186c4727985fb12eb5,[],safe/files/scamDatabase/logo/60e6dc7cbbf36.png,,[],"https://twitter.com/Token_Sniffer/status/1381346761566916614, https://cryptot3ddybear.gitlab.io/blog/posts/scam-explained-bsc-stealthy-lp-block/",,,,,,0,0,[],,1,,,,,,,,,"{'id': 7, 'type': 'Honeypot'}",{},"[{'networks_id': 56, 'scam_database_id': 352, 'networks': {'id': 56, 'name': 'Binance', 'icon_link': 'safe/files/network/bsc.png'}}]",[]
351,UglyInu,UglyInu,"<p>The contract owner could disable the transfer function, which restricted users in selling their tokens.<br><br></p>",Token,UGI,,,0x03d49dc5c4fb3429cacefbbaa0a4336facfe6de0,[],safe/files/scamDatabase/logo/60e6dc362ea6f.png,,[],https://twitter.com/Token_Sniffer/status/1374999601485291522,,,,,,0,0,[],,1,,,,,,,,,"{'id': 7, 'type': 'Honeypot'}",{},"[{'networks_id': 56, 'scam_database_id': 351, 'networks': {'id': 56, 'name': 'Binance', 'icon_link': 'safe/files/network/bsc.png'}}]",[]
350,MoonRabit,MoonRabit,"<p>The contract owner could disable the transfer function, which restricted users in selling their tokens.<br><br></p>",Token,MRT,,,0x4c6067b07af32affa854e397374b302d71728861,[],safe/files/scamDatabase/logo/60e6d97e4fc49.png,,[],https://twitter.com/Token_Sniffer/status/1374999601485291522,,,,,,0,0,[],,1,,,,,,,,,"{'id': 7, 'type': 'Honeypot'}",{},"[{'networks_id': 56, 'scam_database_id': 350, 'networks': {'id': 56, 'name': 'Binance', 'icon_link': 'safe/files/network/bsc.png'}}]",[]
349,SuperSonicShiba,SuperSonicShiba,"<p>The contract owner could disable the transfer function, which restricted users in selling their tokens.<br><br></p>",Token,SSSHIBA,,,0x266d01d6541e80426f5e6d8a3d58dc030705909c,[],safe/files/scamDatabase/logo/60e6d9459976a.png,,[],https://twitter.com/Token_Sniffer/status/1390015526294810624,,,,,,0,0,[],,1,,,,,,,,,"{'id': 7, 'type': 'Honeypot'}",{},"[{'networks_id': 56, 'scam_database_id': 349, 'networks': {'id': 56, 'name': 'Binance', 'icon_link': 'safe/files/network/bsc.png'}}]",[]
348,HEXICO,HEXICO,"<p>The contract owner could disable the transfer function, which restricted users in selling their tokens.<br><br></p>",Token,HEXICO,,,0xf942136ec27d631f4f2ecf0e5a3957296e638c97,[],safe/files/scamDatabase/logo/60e6d90ef08d0.png,2021-6-18,[],https://twitter.com/Token_Sniffer/status/1374999601485291522,,,,,,0,0,[],,1,,,,,,,,,"{'id': 7, 'type': 'Honeypot'}",{},"[{'networks_id': 1, 'scam_database_id': 348, 'networks': {'id': 1, 'name': 'Ethereum', 'icon_link': 'safe/files/network/ethereum.png'}}]",[]
347,Burn,Burn,"<p>The contract owner could disable the transfer function, which restricted users in selling their tokens.<br><br></p>",Token,BURN,,,0x9c4d158ebdfa21f576a7629ccee8e70741e8102d,[],safe/files/scamDatabase/logo/60e6d8d9822bd.png,,[],https://twitter.com/Token_Sniffer/status/1401245620908609536,,,,,,0,0,[],,1,,,,,,,,,"{'id': 7, 'type': 'Honeypot'}",{},"[{'networks_id': 56, 'scam_database_id': 347, 'networks': {'id': 56, 'name': 'Binance', 'icon_link': 'safe/files/network/bsc.png'}}]",[]
345,Platinum Coin,Platinum Coin,"<p>The contract owner could disable the transfer function, which restricted users in selling their tokens.<br><br></p>",Token,Platinum Coin,,,0x26fbe0feb717f8ede16db1b914d8d01bb90a4177,[],safe/files/scamDatabase/logo/60e6ccbeb7059.png,,[],https://twitter.com/Token_Sniffer/status/1406011193160994816,,,,,,0,0,[],,1,,,,,,,,,"{'id': 7, 'type': 'Honeypot'}",{},"[{'networks_id': 56, 'scam_database_id': 345, 'networks': {'id': 56, 'name': 'Binance', 'icon_link': 'safe/files/network/bsc.png'}}]",[]
344,Knight,Knight,"<p>The contract owner could disable the transfer function, which restricted users in selling their tokens.<br><br></p>",Token,$Knight,,,0xc78df97c4044b1ca045a16d3b70d39658b140719,[],safe/files/scamDatabase/logo/60e6cafb8bb02.png,2021-6-19,[],"https://twitter.com/Token_Sniffer/status/1381346761566916614, https://cryptot3ddybear.gitlab.io/blog/posts/scam-explained-bsc-stealthy-lp-block/",,,,,,0,0,[],,1,,,,,,,,,"{'id': 7, 'type': 'Honeypot'}",{},"[{'networks_id': 56, 'scam_database_id': 344, 'networks': {'id': 56, 'name': 'Binance', 'icon_link': 'safe/files/network/bsc.png'}}]",[]
343,Pera Finance,Pera Finance,"<p>The contract owner could disable the transfer function, which restricted users in selling their tokens.<br><br></p>",Token,$Pera,,,0xcb0ff1a87deffbe315b8084c3aa708f5d8f74a38,[],safe/files/scamDatabase/logo/60e6cabd1357c.png,2021-7-9,[],"https://twitter.com/Token_Sniffer/status/1381346761566916614, https://cryptot3ddybear.gitlab.io/blog/posts/scam-explained-bsc-stealthy-lp-block/",,,,,,0,0,[],,1,,,,,,,,,"{'id': 7, 'type': 'Honeypot'}",{},"[{'networks_id': 56, 'scam_database_id': 343, 'networks': {'id': 56, 'name': 'Binance', 'icon_link': 'safe/files/network/bsc.png'}}]",[]
342,CSHIBA,CSHIBA,"<p>The contract owner could disable the transfer function, which restricted users in selling their tokens.<br><br></p>",Token,CSHIBA,,,0x3506f32a6f2809d103073b0cd3cb5a9b4a6c8167,[],safe/files/scamDatabase/logo/60e6ca3dc2b36.png,,[],"https://twitter.com/Token_Sniffer/status/1380219360631906307, https://cryptot3ddybear.gitlab.io/blog/posts/scam-explained-bsc-noapproval/",,,,,,0,0,[],,1,,,,,,,,,"{'id': 7, 'type': 'Honeypot'}",{},"[{'networks_id': 1, 'scam_database_id': 342, 'networks': {'id': 1, 'name': 'Ethereum', 'icon_link': 'safe/files/network/ethereum.png'}}]",[]
341,MoonRise,MoonRise,"<p>The contract owner could disable the transfer function, which restricted users in selling their tokens.<br><br></p>",Token,MRS,,,0xf93d9b036b4e809fede16dce645f52a8bf03a5d2,[],safe/files/scamDatabase/logo/60e6c9ca2a0e1.png,2021-6-19,[],https://twitter.com/Token_Sniffer/status/1374999601485291522,,,,,,0,0,[],,1,,,,,,,,,"{'id': 7, 'type': 'Honeypot'}",{},"[{'networks_id': 56, 'scam_database_id': 341, 'networks': {'id': 56, 'name': 'Binance', 'icon_link': 'safe/files/network/bsc.png'}}]",[]
340,PulseChain,PulseChain,"<p>The contract owner could disable the transfer function, which restricted users in selling their tokens.</p>",Token,PLS,,,0x40eb49c971bceda8ea9998256aa7375f6bf05e90,[],safe/files/scamDatabase/logo/60e6c95a773b4.png,2021-6-19,[],https://twitter.com/Token_Sniffer/status/1374999601485291522,,,,,,0,0,[],,1,,,,,,,,,"{'id': 7, 'type': 'Honeypot'}",{},"[{'networks_id': 1, 'scam_database_id': 340, 'networks': {'id': 1, 'name': 'Ethereum', 'icon_link': 'safe/files/network/ethereum.png'}}]",[]
339,MoonSquad,MoonSquad,"<p>The contract owner could disable the transfer function, which restricted users in selling their tokens.<br><br></p>",Token,MoonSquad,,,0xe327fd5c37b8fabc971ac748abc775df90cbb26d,[],safe/files/scamDatabase/logo/60e6c79872909.png,2021-6-19,[],https://twitter.com/Token_Sniffer/status/1390015526294810624,,,,,,0,0,[],,1,,,,,,,,,"{'id': 7, 'type': 'Honeypot'}",{},"[{'networks_id': 56, 'scam_database_id': 339, 'networks': {'id': 56, 'name': 'Binance', 'icon_link': 'safe/files/network/bsc.png'}}]",[]
338,AmpChain,AmpChain,"<p>The contract owner could disable the transfer function, which restricted users in selling their tokens.<br><br></p>",Token,APC,,,0x0af933bf337abeb0fc0c16ea452d22f890fdaf62,[],safe/files/scamDatabase/logo/60e6c73139a0c.png,2021-6-19,[],https://twitter.com/Token_Sniffer/status/1374999601485291522,,,,,,0,0,[],,1,,,,,,,,,"{'id': 7, 'type': 'Honeypot'}",{},"[{'networks_id': 1, 'scam_database_id': 338, 'networks': {'id': 1, 'name': 'Ethereum', 'icon_link': 'safe/files/network/ethereum.png'}}]",[]
337,Player 2,Player 2,"<p>The contract owner could disable the transfer function, which restricted users in selling their tokens.<br><br></p>",Token,PLAYER,,,0x3fd2ea6e519b214bf59904e7578a35dc2ebc2990,[],safe/files/scamDatabase/logo/60e6c629132af.png,2021-6-19,[],https://twitter.com/Token_Sniffer/status/1390015526294810624,,,,,,0,0,[],,1,,,,,,,,,"{'id': 7, 'type': 'Honeypot'}",{},"[{'networks_id': 56, 'scam_database_id': 337, 'networks': {'id': 56, 'name': 'Binance', 'icon_link': 'safe/files/network/bsc.png'}}]",[]
336,OnlyFanGirls,OnlyFanGirls,"<p>The contract owner could disable the transfer function, which restricted users in selling their tokens.<br><br></p>",Token,$OFG,,,0xf50bea44efa28c4db4ebcb365cd98b016a55a79e,[],safe/files/scamDatabase/logo/60e6c0e6bca52.png,,[],"https://twitter.com/Token_Sniffer/status/1381346761566916614, https://cryptot3ddybear.gitlab.io/blog/posts/scam-explained-bsc-stealthy-lp-block/",,,,,,0,0,[],,1,,,,,,,,,"{'id': 7, 'type': 'Honeypot'}",{},"[{'networks_id': 56, 'scam_database_id': 336, 'networks': {'id': 56, 'name': 'Binance', 'icon_link': 'safe/files/network/bsc.png'}}]",[]
335,TIKI,TIKI,"<p>The contract owner could disable the transfer function, which restricted users in selling their tokens.<br><br></p>",Token,TIKI,,,0x012ca27a7700891ac5768868bed88d210f2aa61c,[],safe/files/scamDatabase/logo/60e6c08ab6334.png,,[],"https://twitter.com/Token_Sniffer/status/1381346761566916614, https://cryptot3ddybear.gitlab.io/blog/posts/scam-explained-bsc-stealthy-lp-block/",,,,,,0,0,[],,1,,,,,,,,,"{'id': 7, 'type': 'Honeypot'}",{},"[{'networks_id': 56, 'scam_database_id': 335, 'networks': {'id': 56, 'name': 'Binance', 'icon_link': 'safe/files/network/bsc.png'}}]",[]
334,2Crazy,2Crazy,"<p>The contract owner could disable the transfer function, which restricted users in selling their tokens.<br><br></p>",Token,2CRZ,,,0x519395b081377deadc4dac4ec2c1e600ddea9e70,[],safe/files/scamDatabase/logo/60e6bbf417edc.png,2021-6-20,[],https://twitter.com/Token_Sniffer/status/1374999601485291522,,,,,,0,0,[],,1,,,,,,,,,"{'id': 7, 'type': 'Honeypot'}",{},"[{'networks_id': 1, 'scam_database_id': 334, 'networks': {'id': 1, 'name': 'Ethereum', 'icon_link': 'safe/files/network/ethereum.png'}}]",[]
333,OniChan,OniChan,"<p>The contract owner could disable the transfer function, which restricted users in selling their tokens.<br><br></p>",Token,OniChan,,,0xd11e666911c23ffff2ca3a1475fc72b63e898dae,[],safe/files/scamDatabase/logo/60e6bbaf802b2.png,,[],https://twitter.com/Token_Sniffer/status/1390015526294810624,,,,,,0,0,[],,1,,,,,,,,,"{'id': 7, 'type': 'Honeypot'}",{},"[{'networks_id': 1, 'scam_database_id': 333, 'networks': {'id': 1, 'name': 'Ethereum', 'icon_link': 'safe/files/network/ethereum.png'}}]",[]
332,RAICHU TOKEN | raichutoken.com,RAICHU TOKEN | raichutoken.com,"<p>The contract owner could disable the transfer function, which restricted users in selling their tokens.<br><br></p>",Token,RAICHU | @raichutoken,,,0xe18cccde4c795e505c2edf1b3c50405849d35dd4,[],safe/files/scamDatabase/logo/60e6bb7d09542.png,2021-6-20,[],https://twitter.com/Token_Sniffer/status/1373698524961906691,,,,,,0,0,[],,1,,,,,,,,,"{'id': 7, 'type': 'Honeypot'}",{},"[{'networks_id': 1, 'scam_database_id': 332, 'networks': {'id': 1, 'name': 'Ethereum', 'icon_link': 'safe/files/network/ethereum.png'}}]",[]
331,Shiba Inu Bone,Shiba Inu Bone,"<p>The contract owner could disable the transfer function, which restricted users in selling their tokens.</p>",Exchange (DEX),BONE,,,0xaf4a1046c019203a1a0951019b39c85aa931a4db,[],safe/files/scamDatabase/logo/60e6bb017d775.png,2021-6-20,[],https://twitter.com/Token_Sniffer/status/1374999601485291522,,,,,,0,0,[],,1,,,,,,,,,"{'id': 7, 'type': 'Honeypot'}",{},"[{'networks_id': 1, 'scam_database_id': 331, 'networks': {'id': 1, 'name': 'Ethereum', 'icon_link': 'safe/files/network/ethereum.png'}}]",[]
330,MoneyWulf,MoneyWulf,"<p>The contract owner could disable the transfer function, which restricted users in selling their tokens.<br><br></p>",Token,Wulf,,,0xe69382baaf121fb89f9ee8a51e177ee45e39abd5,[],safe/files/scamDatabase/logo/60e6b9adda777.png,2021-6-20,[],https://twitter.com/Token_Sniffer/status/1390015526294810624,,,,,,0,0,[],,1,,,,,,,,,"{'id': 7, 'type': 'Honeypot'}",{},"[{'networks_id': 56, 'scam_database_id': 330, 'networks': {'id': 56, 'name': 'Binance', 'icon_link': 'safe/files/network/bsc.png'}}]",[]
329,PepeRise,PepeRise,"<p>The contract owner could disable the transfer function, which restricted users in selling their tokens.<br><br></p>",Token,$PEPERISE,,,0x1afcbd629b5ae450d73402e28d4974c4a2d3666b,[],safe/files/scamDatabase/logo/60e6b95b8f55c.png,2021-6-20,[],"https://twitter.com/Token_Sniffer/status/1381346761566916614, https://cryptot3ddybear.gitlab.io/blog/posts/scam-explained-bsc-stealthy-lp-block/",,,,,,0,0,[],,1,,,,,,,,,"{'id': 7, 'type': 'Honeypot'}",{},"[{'networks_id': 56, 'scam_database_id': 329, 'networks': {'id': 56, 'name': 'Binance', 'icon_link': 'safe/files/network/bsc.png'}}]",[]
328,DogeLord,DogeLord,"<p>The contract owner could disable the transfer function, which restricted users in selling their tokens.<br><br></p>",Token,DLR,,,0xd80ae12b960ebab1e8860591959c3d9cfd1cca05,[],safe/files/scamDatabase/logo/60e6b91cddf73.png,,[],https://twitter.com/Token_Sniffer/status/1374999601485291522,,,,,,0,0,[],,1,,,,,,,,,"{'id': 7, 'type': 'Honeypot'}",{},"[{'networks_id': 56, 'scam_database_id': 328, 'networks': {'id': 56, 'name': 'Binance', 'icon_link': 'safe/files/network/bsc.png'}}]",[]
327,Papito,Papito,"<p>The contract owner could disable the transfer function, which restricted users in selling their tokens.<br><br></p>",Token,$PAPITO,,,0xb55fa6fee6b34fef3bbb09a345f2a6e1504ead61,[],safe/files/scamDatabase/logo/60e6b8a631e57.png,2021-6-21,[],"https://twitter.com/Token_Sniffer/status/1381346761566916614, https://cryptot3ddybear.gitlab.io/blog/posts/scam-explained-bsc-stealthy-lp-block/",,,,,,0,0,[],,1,,,,,,,,,"{'id': 7, 'type': 'Honeypot'}",{},"[{'networks_id': 56, 'scam_database_id': 327, 'networks': {'id': 56, 'name': 'Binance', 'icon_link': 'safe/files/network/bsc.png'}}]",[]
325,ShibaElonMars,ShibaElonMars,"<p>The contract owner could disable the transfer function, which restricted users in selling their tokens.<br><br></p>",Token,SEM,,,0x874506cba7e8050a5291b9dbba83f5f2a7e0941e,[],safe/files/scamDatabase/logo/60e5cbcec0845.png,2021-11-16,[],"https://twitter.com/Token_Sniffer/status/1381346761566916614, https://cryptot3ddybear.gitlab.io/blog/posts/scam-explained-bsc-stealthy-lp-block/",,,,,,0,0,[],,1,,,,,,,,,"{'id': 7, 'type': 'Honeypot'}",{},"[{'networks_id': 56, 'scam_database_id': 325, 'networks': {'id': 56, 'name': 'Binance', 'icon_link': 'safe/files/network/bsc.png'}}]",[]
324,Cresco,Cresco,"<p>The contract owner could disable the transfer function, which restricted users in selling their tokens.<br><br></p>",Token,Cresco,,,0x106a579c85cca81363ad72466d689c863ebf8bcc,[],safe/files/scamDatabase/logo/60e5cb9a8812a.png,2021-7-2,[],"https://twitter.com/Token_Sniffer/status/1381346761566916614, https://cryptot3ddybear.gitlab.io/blog/posts/scam-explained-bsc-stealthy-lp-block/",,,,,,0,0,[],,1,,,,,,,,,"{'id': 7, 'type': 'Honeypot'}",{},"[{'networks_id': 56, 'scam_database_id': 324, 'networks': {'id': 56, 'name': 'Binance', 'icon_link': 'safe/files/network/bsc.png'}}]",[]
323,Astrokitties,Astrokitties,"<p>The contract owner could disable the transfer function, which restricted users in selling their tokens.<br><br></p>",Token,AK,,,0x1549ce5f964c9cc9fcd3f17f1bf8bf3b4d18cace,[],safe/files/scamDatabase/logo/60e5cb524de9f.png,,[],https://twitter.com/Token_Sniffer/status/1373698524961906691,,,,,,0,0,[],,1,,,,,,,,,"{'id': 7, 'type': 'Honeypot'}",{},"[{'networks_id': 56, 'scam_database_id': 323, 'networks': {'id': 56, 'name': 'Binance', 'icon_link': 'safe/files/network/bsc.png'}}]",[]
322,Olympus,Olympus,"<p>The contract owner could disable the transfer function, which restricted users in selling their tokens.<br><br></p>",Token,Olympus,,,0x65698755f47fd63d0b9228f6c3a0b2c75bc2184c,[],safe/files/scamDatabase/logo/60e5caecc3521.png,2021-6-23,[],"https://twitter.com/Token_Sniffer/status/1381346761566916614, https://cryptot3ddybear.gitlab.io/blog/posts/scam-explained-bsc-stealthy-lp-block/",,,,,,0,0,[],,1,,,,,,,,,"{'id': 7, 'type': 'Honeypot'}",{},"[{'networks_id': 56, 'scam_database_id': 322, 'networks': {'id': 56, 'name': 'Binance', 'icon_link': 'safe/files/network/bsc.png'}}]",[]
321,ChildDoge,ChildDoge,"<p>The contract owner could disable the transfer function, which restricted users in selling their tokens.<br><br></p>",Token,ChildDoge,,,0x0671d181e36f207b22df910fb9d1f2d981a6d574,[],safe/files/scamDatabase/logo/60e5cab3bb6ec.png,2021-6-23,[],"https://twitter.com/Token_Sniffer/status/1381346761566916614, https://cryptot3ddybear.gitlab.io/blog/posts/scam-explained-bsc-stealthy-lp-block/",,,,,,0,0,[],,1,,,,,,,,,"{'id': 7, 'type': 'Honeypot'}",{},"[{'networks_id': 56, 'scam_database_id': 321, 'networks': {'id': 56, 'name': 'Binance', 'icon_link': 'safe/files/network/bsc.png'}}]",[]
320,AnimalHouse Finance,AnimalHouse Finance,"<p>The contract owner could disable the transfer function, which restricted users in selling their tokens.<br><br></p>",Token,AHOUSE,,,0xd8e876ab0c7c478c292cea4965752110cfd6658b,[],safe/files/scamDatabase/logo/60e5ca755674e.png,2021-7-10,[],https://twitter.com/Token_Sniffer/status/1374999601485291522,,,,,,0,0,[],,1,,,,,,,,,"{'id': 7, 'type': 'Honeypot'}",{},"[{'networks_id': 56, 'scam_database_id': 320, 'networks': {'id': 56, 'name': 'Binance', 'icon_link': 'safe/files/network/bsc.png'}}]",[]
319,Wolfy,Wolfy,"<p>The contract owner could disable the transfer function, which restricted users in selling their tokens.<br><br></p>",Token,WYT,,,0x70c5f6abf9e1e39a96dbcfb7e573a7c8015e7002,[],safe/files/scamDatabase/logo/60e5c9d0ed02b.png,2021-6-25,[],https://twitter.com/Token_Sniffer/status/1390015526294810624,,,,,,0,0,[],,1,,,,,,,,,"{'id': 7, 'type': 'Honeypot'}",{},"[{'networks_id': 56, 'scam_database_id': 319, 'networks': {'id': 56, 'name': 'Binance', 'icon_link': 'safe/files/network/bsc.png'}}]",[]
316,ALLSTARDOGE,ALLSTARDOGE,"<p>The contract owner could disable the transfer function, which restricted users in selling their tokens.<br><br></p>",Token,ALLSTARDOGE,,,0x5584b9b7e6425fc690bb07a2d708653283755b25,[],safe/files/scamDatabase/logo/60e5c738c9469.png,,[],https://twitter.com/Token_Sniffer/status/1390015526294810624,,,,,,0,0,[],,1,,,,,,,,,"{'id': 7, 'type': 'Honeypot'}",{},"[{'networks_id': 56, 'scam_database_id': 316, 'networks': {'id': 56, 'name': 'Binance', 'icon_link': 'safe/files/network/bsc.png'}}]",[]
315,unirocket,unirocket,"<p>The contract owner could disable the transfer function, which restricted users in selling their tokens.<br><br></p>",Token,unirocket,,,0x7b41f07696e7ec98141b7c1c6e61ae13f56fc1e7,[],safe/files/scamDatabase/logo/60e5c6e4852ee.png,2021-6-4,[],"https://twitter.com/Token_Sniffer/status/1381346761566916614, https://cryptot3ddybear.gitlab.io/blog/posts/scam-explained-bsc-stealthy-lp-block/",,,,,,0,0,[],,1,,,,,,,,,"{'id': 7, 'type': 'Honeypot'}",{},"[{'networks_id': 56, 'scam_database_id': 315, 'networks': {'id': 56, 'name': 'Binance', 'icon_link': 'safe/files/network/bsc.png'}}]",[]
314,DogeTeen,DogeTeen,"<p>The contract owner could disable the transfer function, which restricted users in selling their tokens.<br><br></p>",Token,DogeTeen,,,0x3070c539df406e92c7c9959d35f64ef20ad05435,[],safe/files/scamDatabase/logo/60e5c66309836.png,2021-6-28,[],"https://twitter.com/Token_Sniffer/status/1381346761566916614, https://cryptot3ddybear.gitlab.io/blog/posts/scam-explained-bsc-stealthy-lp-block/",,,,,,0,0,[],,1,,,,,,,,,"{'id': 7, 'type': 'Honeypot'}",{},"[{'networks_id': 56, 'scam_database_id': 314, 'networks': {'id': 56, 'name': 'Binance', 'icon_link': 'safe/files/network/bsc.png'}}]",[]
312,FLOUR FINANCIAL,FLOUR FINANCIAL,"<p>The contract owner could disable the transfer function, which restricted users in selling their tokens.<br><br></p>",Token,FLR,,,0xf5ecb542509c7540ab5f8965c25980f40d4eefdb,[],safe/files/scamDatabase/logo/60e5c61f53bec.png,2021-6-8,[],"https://twitter.com/Token_Sniffer/status/1381346761566916614, https://cryptot3ddybear.gitlab.io/blog/posts/scam-explained-bsc-stealthy-lp-block/",,,,,,0,0,[],,1,,,,,,,,,"{'id': 7, 'type': 'Honeypot'}",{},"[{'networks_id': 56, 'scam_database_id': 312, 'networks': {'id': 56, 'name': 'Binance', 'icon_link': 'safe/files/network/bsc.png'}}]",[]
311,Portal io,Portal io,"<p>The contract owner could disable the transfer function, which restricted users in selling their tokens.<br><br></p>",Token,Portal,,,0x97281b9282ae356738eca0438cd90478ad24d162,[],safe/files/scamDatabase/logo/60e5b0e8bd76e.png,,[],https://twitter.com/Token_Sniffer/status/1390015526294810624,,,,,,0,0,[],,1,,,,,,,,,"{'id': 7, 'type': 'Honeypot'}",{},"[{'networks_id': 56, 'scam_database_id': 311, 'networks': {'id': 56, 'name': 'Binance', 'icon_link': 'safe/files/network/bsc.png'}}]",[]
310,SafeDoge,SafeDoge,"<p>The contract owner could disable the transfer function, which restricted users in selling their tokens.<br><br></p>",Token,SafeDoge,,,0x6d7f1ce151a6924bb31c56b86ad160b7174620cb,[],safe/files/scamDatabase/logo/60e5afbf1e3d3.png,2021-6-29,[],"https://twitter.com/Token_Sniffer/status/1381346761566916614, https://cryptot3ddybear.gitlab.io/blog/posts/scam-explained-bsc-stealthy-lp-block/",,,,,,0,0,[],,1,,,,,,,,,"{'id': 7, 'type': 'Honeypot'}",{},"[{'networks_id': 56, 'scam_database_id': 310, 'networks': {'id': 56, 'name': 'Binance', 'icon_link': 'safe/files/network/bsc.png'}}]",[]
309,RASIM OZAN,RASIM OZAN,"<p>The contract owner could disable the transfer function, which restricted users in selling their tokens.<br><br></p>",Token,ROK,,,0xfed7a6958aa81cac07abe6b1ab0391be39bb16f8,[],safe/files/scamDatabase/logo/60e5af844e5c1.png,2021-6-11,[],https://twitter.com/Token_Sniffer/status/1390015526294810624,,,,,,0,0,[],,1,,,,,,,,,"{'id': 7, 'type': 'Honeypot'}",{},"[{'networks_id': 56, 'scam_database_id': 309, 'networks': {'id': 56, 'name': 'Binance', 'icon_link': 'safe/files/network/bsc.png'}}]",[]
308,VOLCANOS,VOLCANOS,"<p>The contract owner could disable the transfer function, which restricted users in selling their tokens.<br><br></p>",Token,BIT VOLCANO,,,0xff0788d9387741ab25f87c0cf155c89a4fc4dcd1,[],safe/files/scamDatabase/logo/60e5af518a783.png,2021-6-10,[],https://twitter.com/Token_Sniffer/status/1390015526294810624,,,,,,0,0,[],,1,,,,,,,,,"{'id': 7, 'type': 'Honeypot'}",{},"[{'networks_id': 56, 'scam_database_id': 308, 'networks': {'id': 56, 'name': 'Binance', 'icon_link': 'safe/files/network/bsc.png'}}]",[]
307,SuperSushi,SuperSushi,"<p>The contract owner could disable the transfer function, which restricted users in selling their tokens.<br><br></p>",Token,SuperSushi,,,0xaac2a47a169c127944f5124de6d91a09febe5a97,[],safe/files/scamDatabase/logo/60e5aee0c0631.png,,[],https://twitter.com/Token_Sniffer/status/1374999601485291522,,,,,,0,0,[],,1,,,,,,,,,"{'id': 7, 'type': 'Honeypot'}",{},"[{'networks_id': 56, 'scam_database_id': 307, 'networks': {'id': 56, 'name': 'Binance', 'icon_link': 'safe/files/network/bsc.png'}}]",[]
306,EverRise Token,EverRise Token,"<p>The contract owner could disable the transfer function, which restricted users in selling their tokens.<br><br></p>",Token,RISE,,,0xb4b3215ba2d116eb0779fe24137378b1a92f6266,[],safe/files/scamDatabase/logo/60e5ad0d018b1.png,2021-6-19,[],https://twitter.com/Token_Sniffer/status/1374999601485291522,,,,,,0,0,[],,1,,,,,,,,,"{'id': 7, 'type': 'Honeypot'}",{},"[{'networks_id': 56, 'scam_database_id': 306, 'networks': {'id': 56, 'name': 'Binance', 'icon_link': 'safe/files/network/bsc.png'}}]",[]
305,LOVELY SHIBA,LOVELY SHIBA,"<p>The contract owner could disable the transfer function, which restricted users in selling their tokens.<br><br></p>",Token,LSHIBA,,,0xdca9507ea48920d79176d27f4f2132b8b1a44296,[],safe/files/scamDatabase/logo/60e5acbb7472f.png,2021-6-18,[],"https://cryptot3ddybear.gitlab.io/blog/posts/scam-explained-bsc-noapproval/, https://twitter.com/Token_Sniffer/status/1380219360631906307",,,,,,0,0,[],,1,,,,,,,,,"{'id': 7, 'type': 'Honeypot'}",{},"[{'networks_id': 56, 'scam_database_id': 305, 'networks': {'id': 56, 'name': 'Binance', 'icon_link': 'safe/files/network/bsc.png'}}]",[]
304,MIAU,MIAU,"<p>The contract owner could disable the transfer function, which restricted users in selling their tokens.<br><br></p>",Token,MIAU,,,0xd840e405f69bdd99c6144706692576089c270a9e,[],safe/files/scamDatabase/logo/60e5ac7ce2bd7.png,2021-6-13,[],https://twitter.com/Token_Sniffer/status/1411417470708064257,,,,,,0,0,[],,1,,,,,,,,,"{'id': 7, 'type': 'Honeypot'}",{},"[{'networks_id': 56, 'scam_database_id': 304, 'networks': {'id': 56, 'name': 'Binance', 'icon_link': 'safe/files/network/bsc.png'}}]",[]
302,OCTOPIX,OCTOPIX,"<p>The contract owner could disable the transfer function, which restricted users in selling their tokens.<br><br></p>",Token,OCTOPIX,,,0xf329e472f5338b2f0a5deb7a44945a76b7923b0a,[],safe/files/scamDatabase/logo/60e5ac463f1db.png,2021-6-12,[],https://twitter.com/Token_Sniffer/status/1411417470708064257,,,,,,0,0,[],,1,,,,,,,,,"{'id': 7, 'type': 'Honeypot'}",{},"[{'networks_id': 56, 'scam_database_id': 302, 'networks': {'id': 56, 'name': 'Binance', 'icon_link': 'safe/files/network/bsc.png'}}]",[]
301,CFInu,CFInu,"<p>The contract owner could disable the transfer function, which restricted users in selling their tokens.<br><br></p>",Token,Chinese Floki Inu,,,0xd023eadebe9c381cd7b60bfcabf1feb698d61040,[],safe/files/scamDatabase/logo/60e5ac1cdbdfd.png,2021-6-30,[],https://twitter.com/Token_Sniffer/status/1411417470708064257,,,,,,0,0,[],,1,,,,,,,,,"{'id': 7, 'type': 'Honeypot'}",{},"[{'networks_id': 56, 'scam_database_id': 301, 'networks': {'id': 56, 'name': 'Binance', 'icon_link': 'safe/files/network/bsc.png'}}]",[]
300,CocoBee,CocoBee,"<p>The contract owner could disable the transfer function, which restricted users in selling their tokens.<br><br></p>",Token,CCB,,,0x9cd2220d60b5d682b271004be56580ef0abda7f2,[],safe/files/scamDatabase/logo/60e5abefc0b3e.png,2021-6-14,[],https://twitter.com/Token_Sniffer/status/1411417470708064257,,,,,,0,0,[],,1,,,,,,,,,"{'id': 7, 'type': 'Honeypot'}",{},"[{'networks_id': 56, 'scam_database_id': 300, 'networks': {'id': 56, 'name': 'Binance', 'icon_link': 'safe/files/network/bsc.png'}}]",[]
299,SafeSolarStar,SafeSolarStar,"<p>The contract owner could disable the transfer function, which restricted users in selling their tokens.<br><br></p>",Token,SSS,,,0xd5626e285793c2cb2a00a8f884abe167836a88e6,[],safe/files/scamDatabase/logo/60e5ab5a5a6b0.png,2021-6-24,[],"https://cryptot3ddybear.gitlab.io/blog/posts/scam-explained-bsc-noapproval/, https://twitter.com/Token_Sniffer/status/1380219360631906307",,,,,,0,0,[],,1,,,,,,,,,"{'id': 7, 'type': 'Honeypot'}",{},"[{'networks_id': 56, 'scam_database_id': 299, 'networks': {'id': 56, 'name': 'Binance', 'icon_link': 'safe/files/network/bsc.png'}}]",[]
298,Foxography,Foxography,"<p>The contract owner could disable the transfer function, which restricted users in selling their tokens.<br><br></p>",Token,FOXO,,,0x56e1ea001f2e56ee28e6be72558cd6ec8290f0c3,[],safe/files/scamDatabase/logo/60e5ab20cbc95.png,2021-6-15,[],https://twitter.com/Token_Sniffer/status/1411417470708064257,,,,,,0,0,[],,1,,,,,,,,,"{'id': 7, 'type': 'Honeypot'}",{},"[{'networks_id': 56, 'scam_database_id': 298, 'networks': {'id': 56, 'name': 'Binance', 'icon_link': 'safe/files/network/bsc.png'}}]",[]
297,RCums,RCums,"<p>The contract owner could disable the transfer function, which restricted users in selling their tokens.<br><br></p>",Token,ROCKET CUMS,,,0xf4326430b1282a8cbc422060d61e39ace9130677,[],safe/files/scamDatabase/logo/60e5aaf36e55c.png,2021-6-15,[],https://twitter.com/Token_Sniffer/status/1390015526294810624,,,,,,0,0,[],,1,,,,,,,,,"{'id': 7, 'type': 'Honeypot'}",{},"[{'networks_id': 56, 'scam_database_id': 297, 'networks': {'id': 56, 'name': 'Binance', 'icon_link': 'safe/files/network/bsc.png'}}]",[]
296,Trace Network,Trace Network,"<p>The contract owner could disable the transfer function, which restricted users in selling their tokens.<br><br></p>",Token,Trace,,,0x22e965612b49d3db69c0d1460c70fac3a52f4a59,[],safe/files/scamDatabase/logo/60e5a83e7e3e1.png,2021-6-30,[],"https://cryptot3ddybear.gitlab.io/blog/posts/scam-explained-bsc-stealthy-lp-block/, https://twitter.com/Token_Sniffer/status/1381346761566916614",,,,,,0,0,[],,1,,,,,,,,,"{'id': 7, 'type': 'Honeypot'}",{},"[{'networks_id': 56, 'scam_database_id': 296, 'networks': {'id': 56, 'name': 'Binance', 'icon_link': 'safe/files/network/bsc.png'}}]",[]
295,FLOKI DOWN,FLOKI DOWN,"<p>The contract owner could disable the transfer function, which restricted users in selling their tokens.<br><br></p>",Token,FD,,,0x8d483c92d64671809cf1557ae890284140679b5f,[],safe/files/scamDatabase/logo/60e5a7f407c8d.png,2021-7-1,[],https://twitter.com/Token_Sniffer/status/1411417470708064257,,,,,,0,0,[],,1,,,,,,,,,"{'id': 7, 'type': 'Honeypot'}",{},"[{'networks_id': 56, 'scam_database_id': 295, 'networks': {'id': 56, 'name': 'Binance', 'icon_link': 'safe/files/network/bsc.png'}}]",[]
294,DogeBoo,DogeBoo,"<p>The contract owner could disable the transfer function, which restricted users in selling their tokens.<br><br></p>",Token,DogeBoo,,,0x5b6b61da393d10d8cccd3304ef6b1a366b55a349,[],safe/files/scamDatabase/logo/60e5a7b890b37.png,2021-7-1,[],"https://cryptot3ddybear.gitlab.io/blog/posts/scam-explained-bsc-stealthy-lp-block/, https://twitter.com/Token_Sniffer/status/1381346761566916614",,,,,,0,0,[],,1,,,,,,,,,"{'id': 7, 'type': 'Honeypot'}",{},"[{'networks_id': 56, 'scam_database_id': 294, 'networks': {'id': 56, 'name': 'Binance', 'icon_link': 'safe/files/network/bsc.png'}}]",[]
293,EverTiki,EverTiki,"<p>The contract owner could disable the transfer function, which restricted users in selling their tokens.<br><br></p>",Token,EVERTIKI,,,0x99718428360cbe4ba8a930847603569613319046,[],safe/files/scamDatabase/logo/60e5a73d9d648.png,2021-6-24,[],"https://twitter.com/Token_Sniffer/status/1380219360631906307, https://cryptot3ddybear.gitlab.io/blog/posts/scam-explained-bsc-noapproval/",,,,,,0,0,[],,1,,,,,,,,,"{'id': 7, 'type': 'Honeypot'}",{},"[{'networks_id': 56, 'scam_database_id': 293, 'networks': {'id': 56, 'name': 'Binance', 'icon_link': 'safe/files/network/bsc.png'}}]",[]
292,KoalaRise,KoalaRise,"<p>The contract owner could disable the transfer function, which restricted users in selling their tokens.<br><br></p>",Token,KORI,,,0x6f2e387444281021d7ed34d102f87de1df7bdb8c,[],safe/files/scamDatabase/logo/60e5a6dd66d71.png,2021-7-1,[],"https://twitter.com/Token_Sniffer/status/1381346761566916614, https://cryptot3ddybear.gitlab.io/blog/posts/scam-explained-bsc-stealthy-lp-block/",,,,,,0,0,[],,1,,,,,,,,,"{'id': 7, 'type': 'Honeypot'}",{},"[{'networks_id': 56, 'scam_database_id': 292, 'networks': {'id': 56, 'name': 'Binance', 'icon_link': 'safe/files/network/bsc.png'}}]",[]
287,Transformers Finance,Transformers Finance,"<p>A review of the token contract shows low network activity, which didn't lead to significant funds loss for the user in the past. The project is considered abandoned.</p>",Token,TRANS,,,0x96af66db0afc4aa9ab2b23fbf89ca67f17d17943,[],safe/files/scamDatabase/logo/60df2c4898ddf.png,,[],https://twitter.com/CaptainJackAPE/status/1330152696096108544,,,,,,0,0,[],,1,,,,,,,,,"{'id': 19, 'type': 'Other'}",{},"[{'networks_id': 1, 'scam_database_id': 287, 'networks': {'id': 1, 'name': 'Ethereum', 'icon_link': 'safe/files/network/ethereum.png'}}]",[]
286,BURN ONE TOKEN,BURN ONE TOKEN,"<p>A review of the token contract shows low network activity, which didn't lead to significant funds loss for the user in the past. The project is considered abandoned.</p>",Token,BURNONE,,,0x5e16647c3b2c86d79735ec325bb9d39c31b9ec93,[],safe/files/scamDatabase/logo/60df2bc21ef4b.png,,[],https://twitter.com/CaptainJackAPE/status/1329058909588398083,,,,,,0,0,[],,1,,,,,,,,,"{'id': 19, 'type': 'Other'}",{},"[{'networks_id': 1, 'scam_database_id': 286, 'networks': {'id': 1, 'name': 'Ethereum', 'icon_link': 'safe/files/network/ethereum.png'}}]",[]
285,Mariofarm Finance,Mariofarm Finance,"<p>A review of the token contract shows low network activity, which didn't lead to significant funds loss for the user in the past. The project is considered abandoned.</p>",Yield Aggregator,MARI,,,0xc57b8ea2d6606e4f8b91929639f993cf7edca0db,[],safe/files/scamDatabase/logo/60df29b7be84a.png,,[],https://twitter.com/CaptainJackAPE/status/1328232586070556672,https://www.mariofarm.finance/,https://web.archive.org/web/20201110133722/https://www.mariofarm.finance/,,https://t.me/mariofarm,,0,0,[],,1,,,,,,,,,"{'id': 19, 'type': 'Other'}",{},"[{'networks_id': 1, 'scam_database_id': 285, 'networks': {'id': 1, 'name': 'Ethereum', 'icon_link': 'safe/files/network/ethereum.png'}}]",[]
284,Kanva,Kanva,"<p>A review of the token contract shows low network activity, which didn't lead to significant funds loss for the user in the past. The project is considered abandoned.</p>",Token,KNV,,,0x2d176650b1d3e69e80c2dd8acf4e7d590a16bda7,[],safe/files/scamDatabase/logo/60df28e7dfe88.png,,[],https://twitter.com/CaptainJackAPE/status/1327904009932292096,,,,,,0,0,[],,1,,,,,,0,0,0,"{'id': 19, 'type': 'Other'}",{},"[{'networks_id': 1, 'scam_database_id': 284, 'networks': {'id': 1, 'name': 'Ethereum', 'icon_link': 'safe/files/network/ethereum.png'}}]",[]
283,Paypal,Paypal,"<p>A review of the token contract shows low network activity, which didn't lead to significant funds loss for the user in the past. The project is considered abandoned.</p>",CeFi,PYPL,,,0x30ae4f6796bec54c2a20cda7cb851133ac159b6a,[],safe/files/scamDatabase/logo/60df26b56d558.png,,[],https://twitter.com/CaptainJackAPE/status/1326757217614274560,,,,,,0,0,[],,1,,,,,,,,,"{'id': 19, 'type': 'Other'}",{},"[{'networks_id': 1, 'scam_database_id': 283, 'networks': {'id': 1, 'name': 'Ethereum', 'icon_link': 'safe/files/network/ethereum.png'}}]",[]
282,PenguinCoin,PenguinCoin,"<p>A review of the token contract shows low network activity, which didn't lead to significant funds loss for the user in the past. The project is considered abandoned.</p>",Token,PGCN,,,0xd3b23cc284f2cad4eeeaaeda67d27b24ccb1266e,[],safe/files/scamDatabase/logo/60df25a85e552.png,,[],https://twitter.com/CaptainJackAPE/status/1326757217614274560,,,,,,0,0,[],,1,,,,,,,,,"{'id': 19, 'type': 'Other'}",{},"[{'networks_id': 1, 'scam_database_id': 282, 'networks': {'id': 1, 'name': 'Ethereum', 'icon_link': 'safe/files/network/ethereum.png'}}]",[]
281,Citadeli,Citadeli,"<p>A review of the token contract shows low network activity, which didn't lead to significant funds loss for the user in the past. The project is considered abandoned.</p>",Token,CTDLE,,,0x6f0305b71b165278c8ca4c96372dd08ea905041f,[],safe/files/scamDatabase/logo/60df253b99253.png,,[],https://twitter.com/CaptainJackAPE/status/1326757217614274560,,,,,,0,0,[],,1,,,,,,,,,"{'id': 19, 'type': 'Other'}",{},"[{'networks_id': 1, 'scam_database_id': 281, 'networks': {'id': 1, 'name': 'Ethereum', 'icon_link': 'safe/files/network/ethereum.png'}}]",[]
280,Darkwebcoin,Darkwebcoin,"<p>A review of the token contract shows low network activity, which didn't lead to significant funds loss for the user in the past. The project is considered abandoned.</p>",Token,DKWC,,,0x9eec0ea5d267724eaa563f6568c781dcc8b7f62d,[],safe/files/scamDatabase/logo/60df233c1f38b.png,2020-11-13,[],https://twitter.com/CaptainJackAPE/status/1326748539041443840,,,,,,0,0,[],,1,,,,,,,,,"{'id': 19, 'type': 'Other'}",{},"[{'networks_id': 1, 'scam_database_id': 280, 'networks': {'id': 1, 'name': 'Ethereum', 'icon_link': 'safe/files/network/ethereum.png'}}]",[]
273,HotDew Token,HotDew Token,"<p>A review of the token contract shows low network activity, which didn't lead to significant funds loss for the user in the past. The project is considered abandoned</p>",Token,HOTDEW,https://archive.ph/L75F8,,0x22c9186221B26eEa832b389248Be2e9AC48523F6,[],safe/files/scamDatabase/logo/60d61c9327282.png,,[],https://twitter.com/CaptainJackAPE/status/1339165971286642691,,,,,,0,0,[],,1,,,,,,,,,"{'id': 5, 'type': 'Abandoned'}",{},"[{'networks_id': 1, 'scam_database_id': 273, 'networks': {'id': 1, 'name': 'Ethereum', 'icon_link': 'safe/files/network/ethereum.png'}}]",[]
270,Spark,Spark,"<p>The contract owner could disable the transfer function, which restricted users in selling their tokens.</p>",Token,FLR,,,0xbBa477999Ed5b067FDdbB1fe1797ba026D89eB23,[],safe/files/scamDatabase/logo/60ec6f10852ef.png,2023-1-9,[],https://twitter.com/CaptainJackAPE/status/1337767702404820999,,https://archive.ph/TbwCP,,,,0,0,[],,1,,,,,,,,,"{'id': 7, 'type': 'Honeypot'}",{},"[{'networks_id': 1, 'scam_database_id': 270, 'networks': {'id': 1, 'name': 'Ethereum', 'icon_link': 'safe/files/network/ethereum.png'}}]",[]
245,Asteroid Pump,Asteroid Pump,"<p>The contract owner could disable the transfer function, which restricted users in selling their tokens.</p>",Token,AsteroidPump,,,0x512177aDf1BfE67ce9e504877Bf2D47Cd5BDB994,[],safe/files/scamDatabase/logo/60d610e70488f.png,,[],https://twitter.com/CaptainJackAPE/status/1332318697977831426,,https://archive.ph/XaQ1u,,,https://t.me/AsteroidPump,0,0,[],,1,,,,,,,,,"{'id': 7, 'type': 'Honeypot'}",{},"[{'networks_id': 1, 'scam_database_id': 245, 'networks': {'id': 1, 'name': 'Ethereum', 'icon_link': 'safe/files/network/ethereum.png'}}]",[]
236,Exbase Finance,Exbase Finance,"<p>A review of the token contract shows low network activity, which didn't lead to significant funds loss for the user in the past. The project is considered abandoned.</p>",Token,EXBASE,,,0x15c5339954a1016c77732ea626cc714b0d37dd6a,[],safe/files/scamDatabase/logo/60d5f0cc3fad9.jpeg,,[],https://twitter.com/DetectivesRug/status/1341445584062980097,https://exbase.finance/,,https://twitter.com/Exbase_finance,https://t.me/exbase_finance,,0,0,[],,1,,,,,,,,,"{'id': 10, 'type': 'Rugpull'}",{},"[{'networks_id': 1, 'scam_database_id': 236, 'networks': {'id': 1, 'name': 'Ethereum', 'icon_link': 'safe/files/network/ethereum.png'}}]",[]
231,Link Based,Link Based,"<p>A review of the token contract shows low network activity, which didn't lead to significant funds loss for the user in the past. The project is considered abandoned.</p>",Token,LBD,,,0xb15ae165000c8d7b69d2a82e425e110668c73ad5,[],safe/files/scamDatabase/logo/60d5ee6064616.jpeg,2021-1-16,[],https://twitter.com/DetectivesRug/status/1342131787292672000,https://www.linkbased.org/,,https://twitter.com/LinkBasedApp,https://t.me/LinkBasedChat,,0,0,[],,1,,,,,,,,,"{'id': 5, 'type': 'Abandoned'}",{},"[{'networks_id': 1, 'scam_database_id': 231, 'networks': {'id': 1, 'name': 'Ethereum', 'icon_link': 'safe/files/network/ethereum.png'}}]",[]
215,Beer Garden,Beer Garden,"<p>A review of the token contract shows low network activity, which didn't lead to significant funds loss for the user in the past. The project is considered abandoned.</p>",Token,Beer,,,0xbb8db5e17bbe9c90da8e3445e335b82d7cc53575,[],safe/files/scamDatabase/logo/6129fe68106ce.jpeg,2020-10-21,[],,https://beergarden.finance/,,https://twitter.com/beer_finance,https://t.me/beer_garden_finance,,0,0,[],,1,,,,,,,,,"{'id': 5, 'type': 'Abandoned'}",{},"[{'networks_id': 56, 'scam_database_id': 215, 'networks': {'id': 56, 'name': 'Binance', 'icon_link': 'safe/files/network/bsc.png'}}]",[]
209,Xdef finance,Xdef finance (relaunch),"<p>Following the previous exit scam case, the project announced a relaunch with a new token $xDEF2 and a new approach. The new smart contracts have a pause mechanism that allows owner to whitelist specific addresses. Furthermore, there is a ban option that allows limiting specific addresses as well. An EOA wallet owns both of these functionalities, which can be accessed at any moment. There is no traditional rebase function. Instead, there's the mint function, which can be invoked at any time by the contract owner.</p>",Token,xDEF2,,,0x5166d4ce79b9bf7df477da110c560ce3045aa889,[],safe/files/scamDatabase/logo/60d5df3274f31.jpeg,,[],https://twitter.com/CaptainJackAPE/status/1348492887235850240,https://xdef.finance/,,https://twitter.com/XdefFinance,https://t.me/xdefifinance,https://t.me/defiyield_ann/380,0,0,[],,1,,,,,,,,,"{'id': 10, 'type': 'Rugpull'}",{},"[{'networks_id': 1, 'scam_database_id': 209, 'networks': {'id': 1, 'name': 'Ethereum', 'icon_link': 'safe/files/network/ethereum.png'}}]",[]
206,Dasis Cash,Dasis Cash,"<p>A review of the token contract shows low network activity, which didn't lead to significant funds loss for the user in the past. The project is considered abandoned.</p>",Token,DAIC,,,0xa6441b199e7c83d46aa3489cde5f79859209b8bf,[],safe/files/scamDatabase/logo/60d5ddd6e5d05.jpeg,2021-1-10,[],https://twitter.com/SolidityFinance/status/1348303582907478021,http://dasis.cash/,,https://twitter.com/DasisCash,,https://t.me/defiyield_ann/380,0,0,[],,1,,,,,,,,,"{'id': 5, 'type': 'Abandoned'}",{},"[{'networks_id': 1, 'scam_database_id': 206, 'networks': {'id': 1, 'name': 'Ethereum', 'icon_link': 'safe/files/network/ethereum.png'}}]",[]
193,Dolphin Token,Dolphin Token,"<p>A review of the token contract shows low network activity, which didn't lead to significant funds loss for the user in the past. The project is considered abandoned.</p>",Token,DOLPHIN,https://archive.ph/E0EB7,,0x75a26f898697a2c5556ae84993ebcfb25ca2b043,[],safe/files/scamDatabase/logo/60d5d716036e7.png,,[],,,,,,,0,0,[],,1,,,,,,,,,"{'id': 10, 'type': 'Rugpull'}",{},"[{'networks_id': 1, 'scam_database_id': 193, 'networks': {'id': 1, 'name': 'Ethereum', 'icon_link': 'safe/files/network/ethereum.png'}}]",[]
189,SoSo token,SoSo token,"<p><span data-sheets-userformat='{""2"":15165,""3"":{""1"":0},""5"":{""1"":[{""1"":2,""2"":0,""5"":{""1"":2,""2"":0}},{""1"":0,""2"":0,""3"":3},{""1"":1,""2"":0,""4"":1}]},""6"":{""1"":[{""1"":2,""2"":0,""5"":{""1"":2,""2"":0}},{""1"":0,""2"":0,""3"":3},{""1"":1,""2"":0,""4"":1}]},""7"":{""1"":[{""1"":2,""2"":0,""5"":{""1"":2,""2"":0}},{""1"":0,""2"":0,""3"":3},{""1"":1,""2"":0,""4"":1}]},""8"":{""1"":[{""1"":2,""2"":0,""5"":{""1"":2,""2"":0}},{""1"":0,""2"":0,""3"":3},{""1"":1,""2"":0,""4"":1}]},""11"":4,""12"":0,""14"":{""1"":2,""2"":0},""15"":""Arial"",""16"":11}' data-sheets-value='{""1"":2,""2"":""The contract has the ability to sell tokens by the special modifier""}' style=""font-size:11pt;font-family:Arial;font-style:normal;color:#000000;"">The contract has the ability to sell tokens by the special modifier</span> </p>",Token,SOSO,,,0xF7Dbd9F6e22428e35D0946d9252388ee0555b7a9,[],safe/files/scamDatabase/logo/60d5d61223cd8.png,,[],https://twitter.com/VidarTheAuditor/status/1324832671248359424,,,,,,0,0,[],,1,,,,,,,,,"{'id': 19, 'type': 'Other'}",{},"[{'networks_id': 1, 'scam_database_id': 189, 'networks': {'id': 1, 'name': 'Ethereum', 'icon_link': 'safe/files/network/ethereum.png'}}]",[]
186,Kanva,Kanva (fake),"<p>A review of the token contract shows low network activity, which didn't lead to significant funds loss for the user in the past. The project is considered abandoned.</p>",Token,KNV,https://archive.ph/TBULP,,0x2d176650b1d3e69e80c2dd8acf4e7d590a16bda7,[],safe/files/scamDatabase/logo/60d5d54ec2403.png,,[],,,,,,,0,0,[],,1,,,,,,,,,"{'id': 10, 'type': 'Rugpull'}",{},"[{'networks_id': 1, 'scam_database_id': 186, 'networks': {'id': 1, 'name': 'Ethereum', 'icon_link': 'safe/files/network/ethereum.png'}}]",[]
185,Compasswap Token,Compasswap Token,<p>Multiple transactions where the contract deployer sold tokens on a small amount:<br>https://bscscan.com/tokentxns?a=0xbec6a65218e0bdbd837c9fda2986df459787378c&amp;p=2</p>,Token,CPS,https://archive.ph/EeXcG,,0x073bcc5e45263077f4269cd126905333564b852c,[],safe/files/scamDatabase/logo/60d5d50e5811f.png,2020-11-21,[],,,,,,,0,0,[],,1,,,,,,,,,"{'id': 10, 'type': 'Rugpull'}",{},"[{'networks_id': 56, 'scam_database_id': 185, 'networks': {'id': 56, 'name': 'Binance', 'icon_link': 'safe/files/network/bsc.png'}}]",[]
183,Tree Finance,Tree Finance,"<p>A review of the token contract shows low network activity, which didn't lead to significant funds loss for the user in the past. The project is considered abandoned.</p>",Token,TREE,https://archive.ph/vAV2M,,0xa314d652c4cbf662eb8ff60ff7ea86baa335b042,[],safe/files/scamDatabase/logo/60d5d37dd8acd.jpeg,2020-12-12,[],,https://tree.finance/#/,,https://twitter.com/trees4free,,,0,0,[],,1,,,,,,,,,"{'id': 5, 'type': 'Abandoned'}",{},"[{'networks_id': 1, 'scam_database_id': 183, 'networks': {'id': 1, 'name': 'Ethereum', 'icon_link': 'safe/files/network/ethereum.png'}}]",[]
182,KumQuat,KumQuat,"<p>A review of the token contract shows low network activity, which didn't lead to significant funds loss for the user in the past. The project is considered abandoned.</p>",Token,KQF,https://archive.ph/zLz5y,,0x54a06263ffb81417b5b84ffb62a3934c585ae107,[],safe/files/scamDatabase/logo/60d5d2f360d1f.png,,[],,,,https://twitter.com/KumQuatfinance,,,0,0,[],,1,,,,,,,,,"{'id': 10, 'type': 'Rugpull'}",{},"[{'networks_id': 56, 'scam_database_id': 182, 'networks': {'id': 56, 'name': 'Binance', 'icon_link': 'safe/files/network/bsc.png'}}]",[]
172,Vaultz Defi,Vaultz Defi,,Borrowing and Lending,VAULTZ,,,0x861b2456ac1A6Ab5fb5c72aa456091F23DdEC1cc,[],safe/files/scamDatabase/logo/60d5bff897ea9.jpeg,,[],https://twitter.com/WARONRUGS/status/1345397287036588033,http://vaultzdefi.com/,https://archive.ph/eyroZ,,http://t.me/vaultzdefi,,0,0,[],,1,,,,,,,,,"{'id': 19, 'type': 'Other'}",{},"[{'networks_id': 1, 'scam_database_id': 172, 'networks': {'id': 1, 'name': 'Ethereum', 'icon_link': 'safe/files/network/ethereum.png'}}]",[]
169,Microbit,Microbit,,Token,MBT,,,0x3Ad3Cfe1089FAaF45e2EBA09cfFc2a9101d81157,[],safe/files/scamDatabase/logo/60d5bf4e6ff40.png,,[],https://twitter.com/WARONRUGS/status/1345168332161474562,,https://archive.ph/oe7zA,,,,0,0,[],,1,,,,,,,,,"{'id': 19, 'type': 'Other'}",{},"[{'networks_id': 1, 'scam_database_id': 169, 'networks': {'id': 1, 'name': 'Ethereum', 'icon_link': 'safe/files/network/ethereum.png'}}]",[]
152,GALIL,GALIL,"<p>The contract deployer added initial liquidity at:<br>https://etherscan.io/tx/0xc93639059a5d453cbbbd033bbe6fe4f0a8ff04f659efc232e7563933437e81a7<br><br>The initial liquidity was removed by the contract deployer at:<br>https://etherscan.io/tx/0x455dbfabef864bce5d40f0120e54824b213847d8cffde6e9fbe686c5917c0bf7<br><br>A review of the token contract shows low network activity, which didn't lead to significant funds loss for the user in the past. The project is considered abandoned.</p>",Token,GALIL,https://archive.ph/RaGhK,,0xbe16474e93967dc6ec08717739bce980e5634dae,[],safe/files/scamDatabase/logo/60d5ba43411e9.png,2020-11-10,[],,,,,,,0,0,[],,1,,,,,,,,,"{'id': 10, 'type': 'Rugpull'}",{},"[{'networks_id': 1, 'scam_database_id': 152, 'networks': {'id': 1, 'name': 'Ethereum', 'icon_link': 'safe/files/network/ethereum.png'}}]",[]
151,W3RLD,W3RLD,,Token,W3RLD,,,0xabd9b59dc308b3f09f5736d5eb4375c679530d18,[],safe/files/scamDatabase/logo/60d5ba231c819.png,,[],https://twitter.com/WARONRUGS/status/1341587073220964352,,https://archive.ph/RaGhK,,,,0,0,[],,1,,,,,,,,,"{'id': 19, 'type': 'Other'}",{},"[{'networks_id': 1, 'scam_database_id': 151, 'networks': {'id': 1, 'name': 'Ethereum', 'icon_link': 'safe/files/network/ethereum.png'}}]",[]
136,Decentralized Privacy,Decentralized Privacy,"<p>The contract deployer invoked mint() transaction and generated new 10 million tokens onto the external address:<br>https://etherscan.io/tx/0xada5dab68ca5196d6697df015f2db0f6a0e419216ed0139730971f9163d06eee<br><br>The token recipient sold tokens from the unfair distribution before the mentioned minting at:<br>https://etherscan.io/tx/0x1fcfb99317fcb1dc3a838bedc79a6f9e900448a476632f8d7c64c287ac8a370f<br>https://etherscan.io/tx/0x6226ecb2c904735c4e922adee2d93c556e5490ef850eead72f3d7ff2dbb5fc3f<br>https://etherscan.io/tx/0x32df77b5f857a351796f90fedb82a80960728cd115ce027691abfe72f69a2e9e<br>https://etherscan.io/tx/0x680f07ede4cb3de4c143d38b9003d5957fd5111940f80140736fab0de9fafbee<br>https://etherscan.io/tx/0x668f9c93309e46afe94480900363167e5d8c16ee372f465ad66ca210d10eeaf5<br>https://etherscan.io/tx/0x9264c336bf6d8de86cad5c9f03b47d4d533861cc70542a8319706d12401a5de7<br><br>After the received tokens from the mint, the tokens were additionally sold.<br><br>However, the calculated amounts show that it didn't lead to significant funds loss for the user in the past.</p>",Other,DPC,https://archive.ph/8qQba,,0x8e8fe3add2ab97dee73636d87d7cff113fd09746,[],safe/files/scamDatabase/logo/60d5b766824ab.png,2020-12-22,[],https://twitter.com/WARONRUGS/status/1336653631706238982,https://dxmr.io/,,https://twitter.com/dxmrfinance,,,0,0,[],,1,,,,,,,,,"{'id': 10, 'type': 'Rugpull'}",{},"[{'networks_id': 1, 'scam_database_id': 136, 'networks': {'id': 1, 'name': 'Ethereum', 'icon_link': 'safe/files/network/ethereum.png'}}]",[]
129,SAD2Token,SAD2Token,"<p>A review of the token contract shows low network activity, which didn't lead to significant funds loss for the user in the past. The project is considered abandoned.</p>",Other,SAD2,https://archive.ph/2aR60,,0x1627B87E895Bacc22237EbE966cF074c4c732e31,[],safe/files/scamDatabase/logo/60d5b5a8406e7.png,2020-12-5,[],https://twitter.com/WARONRUGS/status/1329600369589166086,,,,,,0,0,[],,1,,,,,,,,,"{'id': 5, 'type': 'Abandoned'}",{},"[{'networks_id': 1, 'scam_database_id': 129, 'networks': {'id': 1, 'name': 'Ethereum', 'icon_link': 'safe/files/network/ethereum.png'}}]",[]
118,Inertia Money,Inertia Money,"<p>A review of the token contract shows low network activity, which didn't lead to significant funds loss for the user in the past. The project is considered abandoned.</p>",Other,INR,https://archive.ph/gAHFj,,0x075a8bfdEe4ef858C7CA0CA66Fe3b187eD634dCb,[],safe/files/scamDatabase/logo/60d5b131dc179.png,2021-1-14,[],https://twitter.com/CaptainJackAPE/status/1347947335909658624,https://inertia.money/,,,,,0,0,[],,1,,,,,,,,,"{'id': 5, 'type': 'Abandoned'}",{},"[{'networks_id': 1, 'scam_database_id': 118, 'networks': {'id': 1, 'name': 'Ethereum', 'icon_link': 'safe/files/network/ethereum.png'}}]",[]
110,Ultimate Set Dollar,Ultimate Set Dollar,"<p>The minter of the token contract is an upgradable proxy contract. Upgradable proxy was used as MasterChef contract: https://etherscan.io/address/0x61ee8806891e9411722ad20c1e30be7da8ad933d<br><br>The contract deployer added initial liquidity at:<br>https://etherscan.io/tx/0x76950cb779dc80951a64538edadc3f9bd7bd27aa1e3c2fb5137a6e88f4635e81<br><br>The unverified contract addressed the proxy contract by calling <u>rebase</u>() function 12 times:<br>https://etherscan.io/address/0x4d01e88831280fd9d5b8d8c3e4f9e33d02cd7d76#tokentxns<br><br>This led to the token mint directly onto the unverified contract, which finally sold minted tokens at:<br>https://etherscan.io/tx/0xd13883590ceaedb3ac6249d898e1823e16971c04b4fa9fef0e900a7bb5cb4b63<br><br>The proxy contract was able to mint tokens by calling <u>advance</u>() function:<br>https://etherscan.io/tx/0xa02b66f1e5a339aa88793561f47968cc662434b7c8a09b870ca73c465ca3dd87</p>",Stablecoin,ULD,,,0x0473033c26ba5e5055b1e2d9fe6916d95922de3b,[],safe/files/scamDatabase/logo/60d5ad0d5058f.png,2021-1-2,[],https://twitter.com/CaptainJackAPE/status/1344933208832368647,https://ultimateset.finance/,,https://twitter.com/ULDfinance,https://t.me/UltimateSetDollar,,0,0,[],,1,,,,,,,,,"{'id': 10, 'type': 'Rugpull'}",{},"[{'networks_id': 1, 'scam_database_id': 110, 'networks': {'id': 1, 'name': 'Ethereum', 'icon_link': 'safe/files/network/ethereum.png'}}]",[]
108,WhaleSwap,WhaleSwap,"<p>A review of the token contract shows low network activity, which didn't lead to significant funds loss for the user in the past. The project is considered abandoned.</p>",Exchange (DEX),WHALE,,,0xba2fba507ff19260e5ab1a30c00d284901f1e7f3,[],safe/files/scamDatabase/logo/60d5aa46c76e7.png,,[],,,,,,,0,0,[],,1,,,,,,,,,"{'id': 5, 'type': 'Abandoned'}",{},"[{'networks_id': 56, 'scam_database_id': 108, 'networks': {'id': 56, 'name': 'Binance', 'icon_link': 'safe/files/network/bsc.png'}}]",[]
103,Exorthous Finance,Exorthous Finance,"<p>A review of the token contract shows low network activity, which didn't lead to significant funds loss for the user in the past. The project is considered abandoned.</p>",Token,EXT,,,0xE1c19540e915a8EC7D2639c646960d6b43BF35e3,[],safe/files/scamDatabase/logo/60d5a36e119fe.png,,[],https://twitter.com/CaptainJackAPE/status/1342632397582475264,http://exorthous.finance/,,,,,0,0,[],,1,,,,,,,,,"{'id': 10, 'type': 'Rugpull'}",{},"[{'networks_id': 1, 'scam_database_id': 103, 'networks': {'id': 1, 'name': 'Ethereum', 'icon_link': 'safe/files/network/ethereum.png'}}]",[]
98,Cezo,Cezo,"<p><span data-sheets-userformat='{""2"":15165,""3"":{""1"":0},""5"":{""1"":[{""1"":2,""2"":0,""5"":{""1"":2,""2"":0}},{""1"":0,""2"":0,""3"":3},{""1"":1,""2"":0,""4"":1}]},""6"":{""1"":[{""1"":2,""2"":0,""5"":{""1"":2,""2"":0}},{""1"":0,""2"":0,""3"":3},{""1"":1,""2"":0,""4"":1}]},""7"":{""1"":[{""1"":2,""2"":0,""5"":{""1"":2,""2"":0}},{""1"":0,""2"":0,""3"":3},{""1"":1,""2"":0,""4"":1}]},""8"":{""1"":[{""1"":2,""2"":0,""5"":{""1"":2,""2"":0}},{""1"":0,""2"":0,""3"":3},{""1"":1,""2"":0,""4"":1}]},""11"":4,""12"":0,""14"":{""1"":2,""2"":0},""15"":""Arial"",""16"":11}' data-sheets-value='{""1"":2,""2"":""The team was dumping tokens into the market. The project has been inactive since January 9, after the token migration announcement.""}' style=""font-size:11pt;font-family:Arial;font-style:normal;color:#000000;"">The team was dumping tokens into the market. The project has been inactive since January 9, after the token migration announcement.</span> </p>",Token,CEZ CEZV2,,,0xfebc25f4c5fc3e90a7efae0b4d436a77c9e131b3,[],safe/files/scamDatabase/logo/60d59f0bb4977.jpeg,,[],https://twitter.com/DetectivesRug/status/1341768364365127681,https://cezo.io/,,https://twitter.com/cezo_io,https://t.me/cezo_io,,0,0,[],,1,,,,,,,,,"{'id': 19, 'type': 'Other'}",{},"[{'networks_id': 1, 'scam_database_id': 98, 'networks': {'id': 1, 'name': 'Ethereum', 'icon_link': 'safe/files/network/ethereum.png'}}]",[]
97,VikingSwap,VikingSwap,,Exchange (DEX),VIKING,,,0x896eDE222D3f7f3414e136a2791BDB08AAa25Ce0,[],safe/files/scamDatabase/logo/60d59ea642593.jpeg,2021-3-7,[],https://viking-swap.medium.com/an-ode-to-the-warriors-2f6f4342bcbd,https://www.vikingswap.finance/,,https://twitter.com/VikingSwap,https://t.me/VikingSwapOfficial,,0,0,[],,1,,,,,,,,,"{'id': 5, 'type': 'Abandoned'}",{},"[{'networks_id': 56, 'scam_database_id': 97, 'networks': {'id': 56, 'name': 'Binance', 'icon_link': 'safe/files/network/bsc.png'}}]",[]
93,PabloEscobarFi,PabloEscobarFi,,Token,ESCO,,,0x8671459f9617c818724899cd2c9a76d8018ea90f,[],safe/files/scamDatabase/logo/60d59b551744a.jpeg,2021-3-10,[],https://twitter.com/RugSteemer/status/1369567163808317440,https://pabloescobar.finance/,https://archive.ph/sGaO1,https://twitter.com/PabloEscobarFi,https://t.me/PabloEscobarFi,,0,0,[],,1,,,,,,,,,"{'id': 19, 'type': 'Other'}",{},"[{'networks_id': 56, 'scam_database_id': 93, 'networks': {'id': 56, 'name': 'Binance', 'icon_link': 'safe/files/network/bsc.png'}}]",[]
81,Crocoswap finance,Crocoswap finance,"<p><span data-sheets-userformat='{""2"":15165,""3"":{""1"":0},""5"":{""1"":[{""1"":2,""2"":0,""5"":{""1"":2,""2"":0}},{""1"":0,""2"":0,""3"":3},{""1"":1,""2"":0,""4"":1}]},""6"":{""1"":[{""1"":2,""2"":0,""5"":{""1"":2,""2"":0}},{""1"":0,""2"":0,""3"":3},{""1"":1,""2"":0,""4"":1}]},""7"":{""1"":[{""1"":2,""2"":0,""5"":{""1"":2,""2"":0}},{""1"":0,""2"":0,""3"":3},{""1"":1,""2"":0,""4"":1}]},""8"":{""1"":[{""1"":2,""2"":0,""5"":{""1"":2,""2"":0}},{""1"":0,""2"":0,""3"":3},{""1"":1,""2"":0,""4"":1}]},""11"":4,""12"":0,""14"":{""1"":2,""2"":0},""15"":""Arial"",""16"":11}' data-sheets-value='{""1"":2,""2"":""The project team switched to another MasterChef contract. The new contract revomed 12h timelock on emergency withdrawal. Liquidity was drained, the website is down.""}' style=""font-size:11pt;font-family:Arial;font-style:normal;color:#000000;"">The project team switched to another MasterChef contract. The new contract revomed 12h timelock on emergency withdrawal. Liquidity was drained, the website is down.</span> </p>",Exchange (DEX),CROCO,,,0x819f6a2d2ab347ade848a944d80c3202b14df88c,[],safe/files/scamDatabase/logo/60d50abc65d93.png,2021-3-14,[],https://t.me/rugsteemer/52,https://crocoswap.finance/,https://web.archive.org/web/20210314163024/https://crocoswap.finance/,https://twitter.com/Croco_Swap,,,0,0,[],,1,,,,,,,,,"{'id': 19, 'type': 'Other'}",{},"[{'networks_id': 56, 'scam_database_id': 81, 'networks': {'id': 56, 'name': 'Binance', 'icon_link': 'safe/files/network/bsc.png'}}]",[]
80,Chef Swap,Chef Swap,,Exchange (DEX),CHEF,,,0xf043e56c6cbc666ab285dbfc0db342dd205b468d,[],safe/files/scamDatabase/logo/60d50a46a7bd1.jpeg,2021-3-12,[],,https://chefswap.finance/#/,https://archive.ph/Oag6Q,https://twitter.com/chef_finance,https://t.me/ChefSwapFinance,,0,0,[],,1,,,,,,,,,"{'id': 19, 'type': 'Other'}",{},"[{'networks_id': 56, 'scam_database_id': 80, 'networks': {'id': 56, 'name': 'Binance', 'icon_link': 'safe/files/network/bsc.png'}}]",[]
79,OgreSwap,OgreSwap,,Exchange (DEX),OGRE,,,0x6862b03772640544b4850520f6d5d7ffc0d13194,[],safe/files/scamDatabase/logo/60d509d1a901b.png,2021-3-12,[],,https://ogreswap.finance/,https://web.archive.org/web/20210312153650/https://ogreswap.finance/,,,,0,0,[],,1,,,,,,,,,"{'id': 19, 'type': 'Other'}",{},"[{'networks_id': 56, 'scam_database_id': 79, 'networks': {'id': 56, 'name': 'Binance', 'icon_link': 'safe/files/network/bsc.png'}}]",[]
78,BoobsFinance,BoobsFinance,,Token,BOOBS,,,0xf98f73350d083005079b6c3cda9c99cfdb668be7,[],safe/files/scamDatabase/logo/60d50974c47c8.png,,[],,,,https://twitter.com/BoobsFi,https://t.me/b00bsfinanceofficial,,0,0,[],,1,,,,,,,,,"{'id': 19, 'type': 'Other'}",{},"[{'networks_id': 56, 'scam_database_id': 78, 'networks': {'id': 56, 'name': 'Binance', 'icon_link': 'safe/files/network/bsc.png'}}]",[]
77,Chad Token,Chad Token,"<p>The contract owner could disable the transfer function, which restricted users in selling their tokens.</p>",Token,CHAD,,,0x2f7383de70c972ef8c18565a9da023b08c110f2c,[],safe/files/scamDatabase/logo/60d508fa757bf.png,2021-3-9,[],,,,,,,0,0,[],,1,,,,,,,,,"{'id': 7, 'type': 'Honeypot'}",{},"[{'networks_id': 56, 'scam_database_id': 77, 'networks': {'id': 56, 'name': 'Binance', 'icon_link': 'safe/files/network/bsc.png'}}]",[]
76,Generate Finance,Generate Finance,"<p><span data-sheets-userformat='{""2"":15165,""3"":{""1"":0},""5"":{""1"":[{""1"":2,""2"":0,""5"":{""1"":2,""2"":0}},{""1"":0,""2"":0,""3"":3},{""1"":1,""2"":0,""4"":1}]},""6"":{""1"":[{""1"":2,""2"":0,""5"":{""1"":2,""2"":0}},{""1"":0,""2"":0,""3"":3},{""1"":1,""2"":0,""4"":1}]},""7"":{""1"":[{""1"":2,""2"":0,""5"":{""1"":2,""2"":0}},{""1"":0,""2"":0,""3"":3},{""1"":1,""2"":0,""4"":1}]},""8"":{""1"":[{""1"":2,""2"":0,""5"":{""1"":2,""2"":0}},{""1"":0,""2"":0,""3"":3},{""1"":1,""2"":0,""4"":1}]},""11"":4,""12"":0,""14"":{""1"":2,""2"":0},""15"":""Arial"",""16"":11}' data-sheets-value='{""1"":2,""2"":""This project is being run by serial scammer Than Le Chat.""}' style=""font-size:11pt;font-family:Arial;font-style:normal;color:#000000;"">This project is being run by serial scammer Than Le Chat.</span> </p>",Yield Aggregator,GEN,,,0x04ad13a645748cee762f11e43386fe2a275885b4,[],safe/files/scamDatabase/logo/60d50819f1be1.jpeg,,[],https://twitter.com/WARONRUGS/status/1369726044031291399,https://generate.finance/,,https://twitter.com/generatefinance,https://t.me/generatefinance,,0,0,[],,1,,,,,,,,,"{'id': 19, 'type': 'Other'}",{},"[{'networks_id': 56, 'scam_database_id': 76, 'networks': {'id': 56, 'name': 'Binance', 'icon_link': 'safe/files/network/bsc.png'}}]",[]
72,Pill Finance,Pill Finance,"<p><span data-sheets-userformat='{""2"":15165,""3"":{""1"":0},""5"":{""1"":[{""1"":2,""2"":0,""5"":{""1"":2,""2"":0}},{""1"":0,""2"":0,""3"":3},{""1"":1,""2"":0,""4"":1}]},""6"":{""1"":[{""1"":2,""2"":0,""5"":{""1"":2,""2"":0}},{""1"":0,""2"":0,""3"":3},{""1"":1,""2"":0,""4"":1}]},""7"":{""1"":[{""1"":2,""2"":0,""5"":{""1"":2,""2"":0}},{""1"":0,""2"":0,""3"":3},{""1"":1,""2"":0,""4"":1}]},""8"":{""1"":[{""1"":2,""2"":0,""5"":{""1"":2,""2"":0}},{""1"":0,""2"":0,""3"":3},{""1"":1,""2"":0,""4"":1}]},""11"":4,""12"":0,""14"":{""1"":2,""2"":0},""15"":""Arial"",""16"":11}' data-sheets-value='{""1"":2,""2"":""The protoocol has exploitable/malicious code which can set _delChef to a malicious contract and then it can steal LPs""}' style=""font-size:11pt;font-family:Arial;font-style:normal;color:#000000;"">The protoocol has exploitable/malicious code which can set _delChef to a malicious contract and then it can steal LPs</span> </p>",Exchange (DEX),RED-P,,,0x137faad0d13813ef8d4cbbb336f0e01066b2c9b4,[],safe/files/scamDatabase/logo/60d5003a01e5a.jpeg,,[],https://twitter.com/RugSteemer/status/1371721620620857345,https://red.pill.finance/,https://archive.ph/AfyEo,https://twitter.com/pillfinance,https://t.me/pillfinance,,0,0,[],,1,,,,,,,,,"{'id': 19, 'type': 'Other'}",{},"[{'networks_id': 56, 'scam_database_id': 72, 'networks': {'id': 56, 'name': 'Binance', 'icon_link': 'safe/files/network/bsc.png'}}]",[]
55,SoftdrinkSwap,SoftdrinkSwap,<p>The team abandoned the project. The team stopped interacting with the community by deleting the project's group and Telegram account. The project did not meet the expectations of the team.</p>,Exchange (DEX),COLA SODA,,,0x740426e58a10ac3b6724f753c8468288248137f9,[],safe/files/scamDatabase/logo/60df352021e17.png,2020-11-12,[],,https://www.softdrinkswap.org/,,https://twitter.com/SoftdrinkSwap,https://t.me/softdrinkswap,https://t.me/defiyield_ann/222,0,0,[],,1,,,,,,,,,"{'id': 5, 'type': 'Abandoned'}",{},"[{'networks_id': 56, 'scam_database_id': 55, 'networks': {'id': 56, 'name': 'Binance', 'icon_link': 'safe/files/network/bsc.png'}}]",[]
